"id","email","name","password","balance","type","street","city","zip","state"
13,"jbutt@gmail.com","James","orangebunny16",100,"Manager","6649 N Blue Gum St","New Orleans",70116,"LA"
14,"josephine_darakjy@darakjy.org","Josephine","widecup23",100,"Manager","4 B Blue Ridge Blvd","Brighton",48116,"MI"
15,"art@venere.org","Art","nicearm11",100,"Manager","8 W Cerritos Ave #54","Bridgeport",8014,"NJ"
16,"lpaprocki@hotmail.com","Lenna","colddoor54",100,"Manager","639 Main St","Anchorage",99501,"AK"
17,"donette.foller@cox.net","Donette","funnyhair39",100,"Manager","34 Center St","Hamilton",45011,"OH"
18,"simona@morasca.com","Simona","coolwish58",100,"Manager","3 Mcauley Dr","Ashland",44805,"OH"
19,"mitsue_tollner@yahoo.com","Mitsue","graydime98",100,"Manager","7 Eads St","Chicago",60632,"IL"
20,"leota@hotmail.com","Leota","oddrock86",100,"Manager","7 W Jackson Blvd","San Jose",95111,"CA"
21,"sage_wieser@cox.net","Sage","rounddime44",100,"Manager","5 Boston Ave #88","Sioux Falls",57105,"SD"
22,"kris@gmail.com","Kris","loudkite36",100,"Manager","228 Runamuck Pl #2808","Baltimore",21224,"MD"
23,"minna_amigon@yahoo.com","Minna","proudbat52",100,"Manager","2371 Jerrold Ave","Kulpsville",19443,"PA"
24,"amaclead@gmail.com","Abel","widepig98",100,"Manager","37275 St  Rt 17m M","Middle Island",11953,"NY"
25,"kiley.caldarera@aol.com","Kiley","bigmeal67",100,"Manager","25 E 75th St #69","Los Angeles",90034,"CA"
26,"gruta@cox.net","Graciela","bluemap97",100,"Manager","98 Connecticut Ave Nw","Chagrin Falls",44023,"OH"
27,"calbares@gmail.com","Cammy","redcamp26",100,"Manager","56 E Morehead St","Laredo",78045,"TX"
28,"mattie@aol.com","Mattie","pinkjoke83",100,"Manager","73 State Road 434 E","Phoenix",85013,"AZ"
29,"meaghan@hotmail.com","Meaghan","oddmap42",100,"Manager","69734 E Carrillo St","Mc Minnville",37110,"TN"
30,"gladys.rim@rim.org","Gladys","proudbun87",100,"Manager","322 New Horizon Blvd","Milwaukee",53207,"WI"
31,"yuki_whobrey@aol.com","Yuki","sillydoll77",100,"Manager","1 State Route 27","Taylor",48180,"MI"
32,"fletcher.flosi@yahoo.com","Fletcher","kindstar14",100,"Manager","394 Manchester Blvd","Rockford",61109,"IL"
33,"bette_nicka@cox.net","Bette","oddhat83",100,"Seller","6 S 33rd St","Aston",19014,"PA"
34,"vinouye@aol.com","Veronika","cutecake30",100,"Seller","6 Greenleaf Ave","San Jose",95111,"CA"
35,"willard@hotmail.com","Willard","purplepig93",100,"Seller","618 W Yakima Ave","Irving",75062,"TX"
36,"mroyster@royster.com","Maryann","purplestar32",100,"Seller","74 S Westgate St","Albany",12204,"NY"
37,"alisha@slusarski.com","Alisha","cutedime86",100,"Seller","3273 State St","Middlesex",8846,"NJ"
38,"allene_iturbide@cox.net","Allene","widearm81",100,"Seller","1 Central Ave","Stevens Point",54481,"WI"
39,"chanel.caudy@caudy.org","Chanel","flatcup83",100,"Seller","86 Nw 66th St #8673","Shawnee",66218,"KS"
40,"ezekiel@chui.com","Ezekiel","drybun96",100,"Seller","2 Cedar Ave #84","Easton",21601,"MD"
41,"wkusko@yahoo.com","Willow","drydoll90",100,"Seller","90991 Thorburn Ave","New York",10011,"NY"
42,"bfigeroa@aol.com","Bernardo","pinkowl30",100,"Seller","386 9th Ave N","Conroe",77301,"TX"
43,"ammie@corrio.com","Ammie","tinyrock73",100,"Seller","74874 Atlantic Ave","Columbus",43215,"OH"
44,"francine_vocelka@vocelka.com","Francine","oldsong55",100,"Seller","366 South Dr","Las Cruces",88011,"NM"
45,"ernie_stenseth@aol.com","Ernie","bigbook47",100,"Seller","45 E Liberty St","Ridgefield Park",7660,"NJ"
46,"albina@glick.com","Albina","bluestar83",100,"Seller","4 Ralph Ct","Dunellen",8812,"NJ"
47,"asergi@gmail.com","Alishia","coldmeal86",100,"Seller","2742 Distribution Way","New York",10025,"NY"
48,"solange@shinko.com","Solange","shortbird63",100,"Seller","426 Wolf St","Metairie",70002,"LA"
49,"jose@yahoo.com","Jose","purpleegg50",100,"Seller","128 Bransten Rd","New York",10011,"NY"
50,"rozella.ostrosky@ostrosky.com","Rozella","loudcup65",100,"Seller","17 Morena Blvd","Camarillo",93012,"CA"
51,"valentine_gillian@gmail.com","Valentine","lowclam42",100,"Seller","775 W 17th St","San Antonio",78204,"TX"
52,"kati.rulapaugh@hotmail.com","Kati","jollyarm52",100,"Seller","6980 Dorsett Rd","Abilene",67410,"KS"
53,"youlanda@aol.com","Youlanda","youngcamp53",100,"Seller","2881 Lewis Rd","Prineville",97754,"OR"
54,"doldroyd@aol.com","Dyan","calmtoe14",100,"Seller","7219 Woodfield Rd","Overland Park",66204,"KS"
55,"roxane@hotmail.com","Roxane","tallwish35",100,"Seller","1048 Main St","Fairbanks",99708,"AK"
56,"lperin@perin.org","Lavera","redlock23",100,"Seller","678 3rd Ave","Miami",33196,"FL"
57,"erick.ferencz@aol.com","Erick","cutebun48",100,"Seller","20 S Babcock St","Fairbanks",99712,"AK"
58,"fsaylors@saylors.org","Fatima","roundbed17",100,"Seller","2 Lighthouse Ave","Hopkins",55343,"MN"
59,"jina_briddick@briddick.com","Jina","cutemeal86",100,"Seller","38938 Park Blvd","Boston",2128,"MA"
60,"kanisha_waycott@yahoo.com","Kanisha","purplebat47",100,"Seller","5 Tomahawk Dr","Los Angeles",90006,"CA"
61,"emerson.bowley@bowley.org","Emerson","wideegg39",100,"Seller","762 S Main St","Madison",53711,"WI"
62,"bmalet@yahoo.com","Blair","cutecow82",100,"Seller","209 Decker Dr","Philadelphia",19132,"PA"
63,"bbolognia@yahoo.com","Brock","youngbunny16",100,"Seller","4486 W O St #1","New York",10003,"NY"
64,"lnestle@hotmail.com","Lorrie","cleanplot76",100,"Seller","39 S 7th St","Tullahoma",37388,"TN"
65,"sabra@uyetake.org","Sabra","richtoe47",100,"Seller","98839 Hawthorne Blvd #6101","Columbia",29201,"SC"
66,"mmastella@mastella.com","Marjory","bluebed37",100,"Seller","71 San Mateo Ave","Wayne",19087,"PA"
67,"karl_klonowski@yahoo.com","Karl","proudseed23",100,"Seller","76 Brooks St #9","Flemington",8822,"NJ"
68,"twenner@aol.com","Tonette","flatcat89",100,"Seller","4545 Courthouse Rd","Westbury",11590,"NY"
69,"amber_monarrez@monarrez.org","Amber","purpledesk64",100,"Seller","14288 Foster Ave #4121","Jenkintown",19046,"PA"
70,"shenika@gmail.com","Shenika","graypest82",100,"Seller","4 Otis St","Van Nuys",91405,"CA"
71,"delmy.ahle@hotmail.com","Delmy","nicehat24",100,"Seller","65895 S 16th St","Providence",2909,"RI"
72,"deeanna_juhas@gmail.com","Deeanna","drycup40",100,"Seller","14302 Pennsylvania Ave","Huntingdon Valley",19006,"PA"
73,"bpugh@aol.com","Blondell","pinkkite94",100,"Seller","201 Hawk Ct","Providence",2904,"RI"
74,"jamal@vanausdal.org","Jamal","tinybook26",100,"Seller","53075 Sw 152nd Ter #615","Monroe Township",8831,"NJ"
75,"cecily@hollack.org","Cecily","yellowsock58",100,"Seller","59 N Groesbeck Hwy","Austin",78731,"TX"
76,"carmelina_lindall@lindall.com","Carmelina","happyhair97",100,"Seller","2664 Lewis Rd","Littleton",80126,"CO"
77,"maurine_yglesias@yglesias.com","Maurine","tinytoy39",100,"Seller","59 Shady Ln #53","Milwaukee",53214,"WI"
78,"tawna@gmail.com","Tawna","bigegg72",100,"Seller","3305 Nabell Ave #679","New York",10009,"NY"
79,"penney_weight@aol.com","Penney","flatcat62",100,"Seller","18 Fountain St","Anchorage",99515,"AK"
80,"elly_morocco@gmail.com","Elly","funnyseed26",100,"Seller","7 W 32nd St","Erie",16502,"PA"
81,"ilene.eroman@hotmail.com","Ilene","funnytoe37",100,"Seller","2853 S Central Expy","Glen Burnie",21061,"MD"
82,"vmondella@mondella.com","Vallie","quiettoy34",100,"Seller","74 W College St","Boise",83707,"ID"
83,"kallie.blackwood@gmail.com","Kallie","jollywish28",100,"Seller","701 S Harrison Rd","San Francisco",94104,"CA"
84,"johnetta_abdallah@aol.com","Johnetta","odddime27",100,"Seller","1088 Pinehurst St","Chapel Hill",27514,"NC"
85,"brhym@rhym.com","Bobbye","proudbird55",100,"Seller","30 W 80th St #1995","San Carlos",94070,"CA"
86,"micaela_rhymes@gmail.com","Micaela","prouddoll87",100,"Seller","20932 Hedley St","Concord",94520,"CA"
87,"tamar@hotmail.com","Tamar","richbird72",100,"Seller","2737 Pistorio Rd #9230","London",43140,"OH"
88,"moon@yahoo.com","Moon","roundjar75",100,"Seller","74989 Brandon St","Wellsville",14895,"NY"
89,"laurel_reitler@reitler.com","Laurel","kindsnow33",100,"Seller","6 Kains Ave","Baltimore",21215,"MD"
90,"delisa.crupi@crupi.com","Delisa","grayhose84",100,"Seller","47565 W Grand Ave","Newark",7105,"NJ"
91,"viva.toelkes@gmail.com","Viva","prettyclam43",100,"Seller","4284 Dorigo Ln","Chicago",60647,"IL"
92,"elza@yahoo.com","Elza","coldfrog49",100,"Seller","6794 Lake Dr E","Newark",7104,"NJ"
93,"devorah@hotmail.com","Devorah","oldhat77",100,"Seller","31 Douglas Blvd #950","Clovis",88101,"NM"
94,"timothy_mulqueen@mulqueen.org","Timothy","tallfrog71",100,"Seller","44 W 4th St","Staten Island",10309,"NY"
95,"ahoneywell@honeywell.com","Arlette","smallseed98",100,"Seller","11279 Loytan St","Jacksonville",32254,"FL"
96,"dominque.dickerson@dickerson.org","Dominque","coldlock92",100,"Seller","69 Marquette Ave","Hayward",94545,"CA"
97,"lettie_isenhower@yahoo.com","Lettie","greenbat68",100,"Seller","70 W Main St","Beachwood",44122,"OH"
98,"mmunns@cox.net","Myra","youngseed78",100,"Seller","461 Prospect Pl #316","Euless",76040,"TX"
99,"stephaine@barfield.com","Stephaine","cleansnow58",100,"Seller","47154 Whipple Ave Nw","Gardena",90247,"CA"
100,"lai.gato@gato.org","Lai","bigbun71",100,"Seller","37 Alabama Ave","Evanston",60201,"IL"
101,"stephen_emigh@hotmail.com","Stephen","greencow26",100,"Seller","3777 E Richmond St #900","Akron",44302,"OH"
102,"tshields@gmail.com","Tyra","drypig83",100,"Seller","3 Fort Worth Ave","Philadelphia",19106,"PA"
103,"twardrip@cox.net","Tammara","coldarm48",100,"Seller","4800 Black Horse Pike","Burlingame",94010,"CA"
104,"cory.gibes@gmail.com","Cory","orangestar35",100,"Seller","83649 W Belmont Ave","San Gabriel",91776,"CA"
105,"danica_bruschke@gmail.com","Danica","lowbunny92",100,"Seller","840 15th Ave","Waco",76708,"TX"
106,"wilda@cox.net","Wilda","widehat66",100,"Seller","1747 Calle Amanecer #2","Anchorage",99501,"AK"
107,"elvera.benimadho@cox.net","Elvera","richwish90",100,"Seller","99385 Charity St #840","San Jose",95110,"CA"
108,"carma@cox.net","Carma","flattiger49",100,"Seller","68556 Central Hwy","San Leandro",94577,"CA"
109,"malinda.hochard@yahoo.com","Malinda","bravetoe36",100,"Seller","55 Riverside Ave","Indianapolis",46202,"IN"
110,"natalie.fern@hotmail.com","Natalie","jollymall12",100,"Seller","7140 University Ave","Rock Springs",82901,"WY"
111,"lisha@centini.org","Lisha","smallwish16",100,"Seller","64 5th Ave #1153","Mc Lean",22102,"VA"
112,"arlene_klusman@gmail.com","Arlene","flathorse28",100,"Seller","3 Secor Rd","New Orleans",70112,"LA"
113,"alease@buemi.com","Alease","cleansock60",100,"Seller","4 Webbs Chapel Rd","Boulder",80303,"CO"
114,"louisa@cronauer.com","Louisa","quietpig11",100,"Seller","524 Louisiana Ave Nw","San Leandro",94577,"CA"
115,"angella.cetta@hotmail.com","Angella","oddcake30",100,"Seller","185 Blackstone Bldge","Honolulu",96817,"HI"
116,"cgoldammer@cox.net","Cyndy","proudbird89",100,"Seller","170 Wyoming Ave","Burnsville",55337,"MN"
117,"rosio.cork@gmail.com","Rosio","shortjar64",100,"Seller","4 10th St W","High Point",27263,"NC"
118,"ckorando@hotmail.com","Celeste","cutewish87",100,"Seller","7 W Pinhook Rd","Lynbrook",11563,"NY"
119,"twana.felger@felger.org","Twana","kindclam24",100,"Seller","1 Commerce Way","Portland",97224,"OR"
120,"estrella@aol.com","Estrella","proudtiger74",100,"Seller","64 Lakeview Ave","Beloit",53511,"WI"
121,"dkines@hotmail.com","Donte","kindcow81",100,"Seller","3 Aspen St","Worcester",1602,"MA"
122,"tiffiny_steffensmeier@cox.net","Tiffiny","jollyowl96",100,"Seller","32860 Sierra Rd","Miami",33133,"FL"
123,"emiceli@miceli.org","Edna","cleandog90",100,"Seller","555 Main St","Erie",16502,"PA"
124,"sue@aol.com","Sue","lowstar68",100,"Seller","2 Se 3rd Ave","Mesquite",75149,"TX"
125,"jshin@shin.com","Jesusa","greencow89",100,"Seller","2239 Shawnee Mission Pky","Tullahoma",37388,"TN"
126,"rolland@cox.net","Rolland","richdoll56",100,"Seller","2726 Charcot Ave","Paterson",7501,"NJ"
127,"pamella.schmierer@schmierer.org","Pamella","quiettoy79",100,"Seller","5161 Dorsett Rd","Homestead",33030,"FL"
128,"gkulzer@kulzer.org","Glory","oldpest22",100,"Seller","55892 Jacksonville Rd","Owings Mills",21117,"MD"
129,"shawna_palaspas@palaspas.org","Shawna","richdoll27",100,"Seller","5 N Cleveland Massillon Rd","Thousand Oaks",91362,"CA"
130,"brandon_callaro@hotmail.com","Brandon","youngplot43",100,"Seller","7 Benton Dr","Honolulu",96819,"HI"
131,"scarlet.cartan@yahoo.com","Scarlet","calmseed87",100,"Seller","9390 S Howell Ave","Albany",31701,"GA"
132,"oretha_menter@yahoo.com","Oretha","orangerock93",100,"Seller","8 County Center Dr #647","Boston",2210,"MA"
133,"tsmith@aol.com","Ty","pinkplot26",100,"User","4646 Kaahumanu St","Hackensack",7601,"NJ"
134,"xuan@gmail.com","Xuan","dryhat97",100,"User","2 Monroe St","San Mateo",94403,"CA"
135,"lindsey.dilello@hotmail.com","Lindsey","bravedoor66",100,"User","52777 Leaders Heights Rd","Ontario",91761,"CA"
136,"devora_perez@perez.org","Devora","quietpest31",100,"User","72868 Blackington Ave","Oakland",94606,"CA"
137,"hdemesa@cox.net","Herman","youngjoke68",100,"User","9 Norristown Rd","Troy",12180,"NY"
138,"rpapasergi@cox.net","Rory","purplecake16",100,"User","83 County Road 437 #8581","Clarks Summit",18411,"PA"
139,"talia_riopelle@aol.com","Talia","widemap63",100,"User","1 N Harlem Ave #9","Orange",7050,"NJ"
140,"van.shire@shire.com","Van","bluebook88",100,"User","90131 J St","Pittstown",8867,"NJ"
141,"lucina_lary@cox.net","Lucina","coldbed90",100,"User","8597 W National Ave","Cocoa",32922,"FL"
142,"bok.isaacs@aol.com","Bok","roundclam49",100,"User","6 Gilson St","Bronx",10468,"NY"
143,"rolande.spickerman@spickerman.com","Rolande","purpledog53",100,"User","65 W Maple Ave","Pearl City",96782,"HI"
144,"hpaulas@gmail.com","Howard","roundjoke32",100,"User","866 34th Ave","Denver",80231,"CO"
145,"kimbery_madarang@cox.net","Kimbery","proudbook30",100,"User","798 Lund Farm Way","Rockaway",7866,"NJ"
146,"thurman.manno@yahoo.com","Thurman","lowkite37",100,"User","9387 Charcot Ave","Absecon",8201,"NJ"
147,"becky.mirafuentes@mirafuentes.com","Becky","tinytoy41",100,"User","30553 Washington Rd","Plainfield",7062,"NJ"
148,"beatriz@yahoo.com","Beatriz","roundrock45",100,"User","481 W Lemon St","Middleboro",2346,"MA"
149,"marti.maybury@yahoo.com","Marti","cooldoor96",100,"User","4 Warehouse Point Rd #7","Chicago",60638,"IL"
150,"nieves_gotter@gmail.com","Nieves","calmsock78",100,"User","4940 Pulaski Park Dr","Portland",97202,"OR"
151,"lhagele@cox.net","Leatha","proudtoe55",100,"User","627 Walford Ave","Dallas",75227,"TX"
152,"vklimek@klimek.org","Valentin","cleanpig70",100,"User","137 Pioneer Way","Chicago",60604,"IL"
153,"melissa@cox.net","Melissa","sillycat56",100,"User","61 13 Stoneridge #835","Findlay",45840,"OH"
154,"sheridan.zane@zane.com","Sheridan","oldhose97",100,"User","2409 Alabama Rd","Riverside",92501,"CA"
155,"bulah_padilla@hotmail.com","Bulah","sillytoe57",100,"User","8927 Vandever Ave","Waco",76707,"TX"
156,"audra@kohnert.com","Audra","prettybunny60",100,"User","134 Lewis Rd","Nashville",37211,"TN"
157,"dweirather@aol.com","Daren","orangehat50",100,"User","9 N College Ave #3","Milwaukee",53216,"WI"
158,"fjillson@aol.com","Fernanda","bravesock33",100,"User","60480 Old Us Highway 51","Preston",21655,"MD"
159,"gearldine_gellinger@gellinger.com","Gearldine","bigtoy49",100,"User","4 Bloomfield Ave","Irving",75061,"TX"
160,"chau@gmail.com","Chau","drydesk50",100,"User","429 Tiger Ln","Beverly Hills",90212,"CA"
161,"theola_frey@frey.com","Theola","proudfog77",100,"User","54169 N Main St","Massapequa",11758,"NY"
162,"cheryl@haroldson.org","Cheryl","richpig43",100,"User","92 Main St","Atlantic City",8401,"NJ"
163,"lmerced@gmail.com","Laticia","proudhair86",100,"User","72 Mannix Dr","Cincinnati",45203,"OH"
164,"carissa.batman@yahoo.com","Carissa","smallrock55",100,"User","12270 Caton Center Dr","Eugene",97401,"OR"
165,"lezlie.craghead@craghead.org","Lezlie","oldegg73",100,"User","749 W 18th St #45","Smithfield",27577,"NC"
166,"oshealy@hotmail.com","Ozell","oldcat48",100,"User","8 Industry Ln","New York",10002,"NY"
167,"arminda@parvis.com","Arminda","smallbed32",100,"User","1 Huntwood Ave","Phoenix",85017,"AZ"
168,"reita.leto@gmail.com","Reita","yellowbun54",100,"User","55262 N French Rd","Indianapolis",46240,"IN"
169,"yolando@cox.net","Yolando","jollyplot76",100,"User","422 E 21st St","Syracuse",13214,"NY"
170,"lizette.stem@aol.com","Lizette","nicejoke94",100,"User","501 N 19th Ave","Cherry Hill",8002,"NJ"
171,"gpawlowicz@yahoo.com","Gregoria","oldhat13",100,"User","455 N Main Ave","Garden City",11530,"NY"
172,"cdeleo@deleo.com","Carin","flatsong77",100,"User","1844 Southern Blvd","Little Rock",72202,"AR"
173,"chantell@yahoo.com","Chantell","loudfrog28",100,"User","2023 Greg St","Saint Paul",55101,"MN"
174,"dyum@yahoo.com","Dierdre","lowegg97",100,"User","63381 Jenks Ave","Philadelphia",19134,"PA"
175,"larae_gudroe@gmail.com","Larae","coldpig15",100,"User","6651 Municipal Rd","Houma",70360,"LA"
176,"latrice.tolfree@hotmail.com","Latrice","jollybed76",100,"User","81 Norris Ave #525","Ronkonkoma",11779,"NY"
177,"kerry.theodorov@gmail.com","Kerry","proudlock36",100,"User","6916 W Main St","Sacramento",95827,"CA"
178,"dhidvegi@yahoo.com","Dorthy","tinywish18",100,"User","9635 S Main St","Boise",83704,"ID"
179,"fannie.lungren@yahoo.com","Fannie","purplehose31",100,"User","17 Us Highway 111","Round Rock",78664,"TX"
180,"evangelina@aol.com","Evangelina","bigdoll88",100,"User","992 Civic Center Dr","Philadelphia",19123,"PA"
181,"novella_degroot@degroot.org","Novella","oddbat93",100,"User","303 N Radcliffe St","Hilo",96720,"HI"
182,"choa@hoa.org","Clay","cutejar60",100,"User","73 Saint Ann St #86","Reno",89502,"NV"
183,"jfallick@yahoo.com","Jennifer","coolcake20",100,"User","44 58th St","Wheeling",60090,"IL"
184,"irma.wolfgramm@hotmail.com","Irma","flatsnow40",100,"User","9745 W Main St","Randolph",7869,"NJ"
185,"eun@yahoo.com","Eun","cutecake11",100,"User","84 Bloomfield Ave","Spartanburg",29301,"SC"
186,"sylvia_cousey@cousey.org","Sylvia","oddbed53",100,"User","287 Youngstown Warren Rd","Hampstead",21074,"MD"
187,"nana@aol.com","Nana","calmdime72",100,"User","6 Van Buren St","Mount Vernon",10553,"NY"
188,"layla.springe@cox.net","Layla","reddesk79",100,"User","229 N Forty Driv","New York",10011,"NY"
189,"joesph_degonia@degonia.org","Joesph","coldmeal18",100,"User","2887 Knowlton St #5435","Berkeley",94710,"CA"
190,"annabelle.boord@cox.net","Annabelle","oldwish34",100,"User","523 Marquette Ave","Concord",1742,"MA"
191,"stephaine@cox.net","Stephaine","tallcamp45",100,"User","3717 Hamann Industrial Pky","San Francisco",94104,"CA"
192,"nelida@gmail.com","Nelida","oddclam25",100,"User","3 State Route 35 S","Paramus",7652,"NJ"
193,"marguerita.hiatt@gmail.com","Marguerita","colddime91",100,"User","82 N Highway 67","Oakley",94561,"CA"
194,"ccookey@cookey.org","Carmela","richjar48",100,"User","9 Murfreesboro Rd","Chicago",60623,"IL"
195,"jbrideau@aol.com","Junita","younghose59",100,"User","6 S Broadway St","Cedar Grove",7009,"NJ"
196,"claribel_varriano@cox.net","Claribel","quietjoke91",100,"User","6 Harry L Dr #6327","Perrysburg",43551,"OH"
197,"benton.skursky@aol.com","Benton","bigcake88",100,"User","47939 Porter Ave","Gardena",90248,"CA"
198,"hillary.skulski@aol.com","Hillary","coolfrog65",100,"User","9 Wales Rd Ne #914","Homosassa",34448,"FL"
199,"merilyn_bayless@cox.net","Merilyn","youngjoke54",100,"User","195 13n N","Santa Clara",95054,"CA"
200,"tennaco@gmail.com","Teri","kindarm88",100,"User","99 Tank Farm Rd","Hazleton",18201,"PA"
201,"merlyn_lawler@hotmail.com","Merlyn","loudsong81",100,"User","4671 Alemany Blvd","Jersey City",7304,"NJ"
202,"gmontezuma@cox.net","Georgene","calmfrog98",100,"User","98 University Dr","San Ramon",94583,"CA"
203,"jmconnell@hotmail.com","Jettie","funnystar92",100,"User","50 E Wacker Dr","Bridgewater",8807,"NJ"
204,"lemuel.latzke@gmail.com","Lemuel","kindwish38",100,"User","70 Euclid Ave #722","Bohemia",11716,"NY"
205,"mknipp@gmail.com","Melodie","lowlock82",100,"User","326 E Main St #6496","Thousand Oaks",91362,"CA"
206,"candida_corbley@hotmail.com","Candida","kindsnow92",100,"User","406 Main St","Somerville",8876,"NJ"
207,"karan_karpin@gmail.com","Karan","cleandesk78",100,"User","3 Elmwood Dr","Beaverton",97005,"OR"
208,"andra@gmail.com","Andra","funnyhat16",100,"User","9 Church St","Salem",97302,"OR"
209,"fpoullion@poullion.com","Felicidad","cleantoe22",100,"User","9939 N 14th St","Riverton",8077,"NJ"
210,"belen_strassner@aol.com","Belen","coldtoe64",100,"User","5384 Southwyck Blvd","Douglasville",30135,"GA"
211,"gracia@melnyk.com","Gracia","quietrock53",100,"User","97 Airport Loop Dr","Jacksonville",32216,"FL"
212,"jhanafan@gmail.com","Jolanda","coolmouse29",100,"User","37855 Nolan Rd","Bangor",4401,"ME"
213,"barrett.toyama@toyama.org","Barrett","odddoll28",100,"User","4252 N Washington Ave #9","Kennedale",76060,"TX"
214,"helga_fredicks@yahoo.com","Helga","yellowmall73",100,"User","42754 S Ash Ave","Buffalo",14228,"NY"
215,"apinilla@cox.net","Ashlyn","youngseed88",100,"User","703 Beville Rd","Opa Locka",33054,"FL"
216,"fausto_agramonte@yahoo.com","Fausto","drytiger48",100,"User","5 Harrison Rd","New York",10038,"NY"
217,"ronny.caiafa@caiafa.org","Ronny","drydoll37",100,"User","73 Southern Blvd","Philadelphia",19103,"PA"
218,"marge@gmail.com","Marge","coldsnow60",100,"User","189 Village Park Rd","Crestview",32536,"FL"
219,"norah.waymire@gmail.com","Norah","tinymall61",100,"User","6 Middlegate Rd #106","San Francisco",94107,"CA"
220,"aliza@aol.com","Aliza","jollysnow78",100,"User","1128 Delaware St","San Jose",95132,"CA"
221,"mpelkowski@pelkowski.org","Mozell","jollyjar19",100,"User","577 Parade St","South San Francisco",94080,"CA"
222,"viola@gmail.com","Viola","redpest18",100,"User","70 Mechanic St","Northridge",91325,"CA"
223,"femard@emard.com","Franklyn","cutemouse28",100,"User","4379 Highway 116","Philadelphia",19103,"PA"
224,"willodean_konopacki@konopacki.org","Willodean","cleanpig13",100,"User","55 Hawthorne Blvd","Lafayette",70506,"LA"
225,"beckie.silvestrini@silvestrini.com","Beckie","smallhair84",100,"User","7116 Western Ave","Dearborn",48126,"MI"
226,"rgesick@gesick.org","Rebecka","funnycow43",100,"User","2026 N Plankinton Ave #3","Austin",78754,"TX"
227,"frederica_blunk@gmail.com","Frederica","funnycat43",100,"User","99586 Main St","Dallas",75207,"TX"
228,"glen_bartolet@hotmail.com","Glen","yellowsock45",100,"User","8739 Hudson St","Vashon",98070,"WA"
229,"freeman_gochal@aol.com","Freeman","cutehorse24",100,"User","383 Gunderman Rd #197","Coatesville",19320,"PA"
230,"vincent.meinerding@hotmail.com","Vincent","sillypig42",100,"User","4441 Point Term Mkt","Philadelphia",19143,"PA"
231,"rima@cox.net","Rima","nicehorse59",100,"User","2972 Lafayette Ave","Gardena",90248,"CA"
232,"gsarbacher@gmail.com","Glendora","widehair81",100,"User","2140 Diamond Blvd","Rohnert Park",94928,"CA"
233,"avery@cox.net","Avery","yellowcow28",100,"User","93 Redmond Rd #492","Orlando",32803,"FL"
234,"cristy@lother.com","Cristy","jollypest14",100,"User","3989 Portage Tr","Escondido",92025,"CA"
235,"nicolette_brossart@brossart.com","Nicolette","olddoor95",100,"User","1 Midway Rd","Westborough",1581,"MA"
236,"tracey@hotmail.com","Tracey","purplesong43",100,"User","77132 Coon Rapids Blvd Nw","Conroe",77301,"TX"
237,"virgina_tegarden@tegarden.com","Virgina","lowclam13",100,"User","755 Harbor Way","Milwaukee",53226,"WI"
238,"tfrankel@aol.com","Tiera","sillyarm65",100,"User","87 Sierra Rd","El Monte",91731,"CA"
239,"alaine_bergesen@cox.net","Alaine","lowfrog56",100,"User","7667 S Hulen St #42","Yonkers",10701,"NY"
240,"earleen_mai@cox.net","Earleen","proudbird53",100,"User","75684 S Withlapopka Dr #32","Dallas",75227,"TX"
241,"leonida@gobern.org","Leonida","pinkfog81",100,"User","5 Elmwood Park Blvd","Biloxi",39530,"MS"
242,"ressie.auffrey@yahoo.com","Ressie","cleanmap25",100,"User","23 Palo Alto Sq","Miami",33134,"FL"
243,"jmugnolo@yahoo.com","Justine","redbunny13",100,"User","38062 E Main St","New York",10048,"NY"
244,"eladia@saulter.com","Eladia","drydesk67",100,"User","3958 S Dupont Hwy #7","Ramsey",7446,"NJ"
245,"chaya@malvin.com","Chaya","loudcake92",100,"User","560 Civic Center Dr","Ann Arbor",48103,"MI"
246,"gwenn_suffield@suffield.org","Gwenn","yellowhorse37",100,"User","3270 Dequindre Rd","Deer Park",11729,"NY"
247,"skarpel@cox.net","Salena","cutelock32",100,"User","1 Garfield Ave #7","Canton",44707,"OH"
248,"yoko@fishburne.com","Yoko","funnyarm37",100,"User","9122 Carpenter Ave","New Haven",6511,"CT"
249,"taryn.moyd@hotmail.com","Taryn","purplemall24",100,"User","48 Lenox St","Fairfax",22030,"VA"
250,"katina_polidori@aol.com","Katina","happybed60",100,"User","5 Little River Tpke","Wilmington",1887,"MA"
251,"rickie.plumer@aol.com","Rickie","orangebun17",100,"User","3 N Groesbeck Hwy","Toledo",43613,"OH"
252,"alex@loader.com","Alex","redbun76",100,"User","37 N Elm St #916","Tacoma",98409,"WA"
253,"lashon@aol.com","Lashon","yellowcamp80",100,"User","433 Westminster Blvd #590","Roseville",95661,"CA"
254,"lburnard@burnard.com","Lauran","greenclam70",100,"User","66697 Park Pl #3224","Riverton",82501,"WY"
255,"ceola.setter@setter.org","Ceola","lowstar11",100,"User","96263 Greenwood Pl","Warren",4864,"ME"
256,"my@hotmail.com","My","cleanjoke79",100,"User","8 Mcarthur Ln","Richboro",18954,"PA"
257,"lorrine.worlds@worlds.com","Lorrine","sillymap62",100,"User","8 Fair Lawn Ave","Tampa",33614,"FL"
258,"peggie@cox.net","Peggie","smalltoy41",100,"User","9 N 14th St","El Cajon",92020,"CA"
259,"mraymo@yahoo.com","Marvel","reddog12",100,"User","9 Vanowen St","College Station",77840,"TX"
260,"daron_dinos@cox.net","Daron","shortcup81",100,"User","18 Waterloo Geneva Rd","Highland Park",60035,"IL"
261,"an_fritz@hotmail.com","An","oldplot28",100,"User","506 S Hacienda Dr","Atlantic City",8401,"NJ"
262,"portia.stimmel@aol.com","Portia","lowhose87",100,"User","3732 Sherman Ave","Bridgewater",8807,"NJ"
263,"rhea_aredondo@cox.net","Rhea","cutelock38",100,"User","25657 Live Oak St","Brooklyn",11226,"NY"
264,"bsama@cox.net","Benedict","richfog68",100,"User","4923 Carey Ave","Saint Louis",63104,"MO"
265,"alyce@arias.org","Alyce","flatowl24",100,"User","3196 S Rider Trl","Stockton",95207,"CA"
266,"heike@gmail.com","Heike","graymall44",100,"User","3 Railway Ave #75","Little Falls",7424,"NJ"
267,"carey_dopico@dopico.org","Carey","funnypig88",100,"User","87393 E Highland Rd","Indianapolis",46220,"IN"
268,"dottie@hellickson.org","Dottie","richcamp33",100,"User","67 E Chestnut Hill Rd","Seattle",98133,"WA"
269,"deandrea@yahoo.com","Deandrea","drylock19",100,"User","33 Lewis Rd #46","Burlington",27215,"NC"
270,"kimberlie_duenas@yahoo.com","Kimberlie","shortpig27",100,"User","8100 Jacksonville Rd #7","Hays",67601,"KS"
271,"martina_staback@staback.com","Martina","cleandog72",100,"User","7 W Wabansia Ave #227","Orlando",32822,"FL"
272,"skye_fillingim@yahoo.com","Skye","kindpest80",100,"User","25 Minters Chapel Rd #9","Minneapolis",55401,"MN"
273,"jade.farrar@yahoo.com","Jade","bluebunny37",100,"User","6882 Torresdale Ave","Columbia",29201,"SC"
274,"charlene.hamilton@hotmail.com","Charlene","purpleowl57",100,"User","985 E 6th Ave","Santa Rosa",95407,"CA"
275,"geoffrey@gmail.com","Geoffrey","flathair94",100,"User","7 West Ave #1","Palatine",60067,"IL"
276,"stevie.westerbeck@yahoo.com","Stevie","roundtoy82",100,"User","26659 N 13th St","Costa Mesa",92626,"CA"
277,"pamella@fortino.com","Pamella","jollybook82",100,"User","669 Packerland Dr #1438","Denver",80212,"CO"
278,"hhaufler@hotmail.com","Harrison","quietcat55",100,"User","759 Eldora St","New Haven",6515,"CT"
279,"jengelberg@engelberg.org","Johnna","cutebird37",100,"User","5 S Colorado Blvd #449","Bothell",98021,"WA"
280,"buddy.cloney@yahoo.com","Buddy","shorttoe42",100,"User","944 Gaither Dr","Strongsville",44136,"OH"
281,"dalene.riden@aol.com","Dalene","proudbird60",100,"User","66552 Malone Rd","Plaistow",3865,"NH"
282,"jzurcher@zurcher.org","Jerry","oldwish44",100,"User","77 Massillon Rd #822","Satellite Beach",32937,"FL"
283,"hdenooyer@denooyer.org","Haydee","happytoy40",100,"User","25346 New Rd","New York",10016,"NY"
284,"joseph_cryer@cox.net","Joseph","loudcow58",100,"User","60 Fillmore Ave","Huntington Beach",92647,"CA"
285,"deonna_kippley@hotmail.com","Deonna","flatsong98",100,"User","57 Haven Ave #90","Southfield",48075,"MI"
286,"raymon.calvaresi@gmail.com","Raymon","roundowl23",100,"User","6538 E Pomona St #60","Indianapolis",46222,"IN"
287,"alecia@aol.com","Alecia","roundcat77",100,"User","6535 Joyce St","Wichita Falls",76301,"TX"
288,"mlayous@hotmail.com","Ma","yellowfog92",100,"User","78112 Morris Ave","North Haven",6473,"CT"
289,"detra@aol.com","Detra","graydime62",100,"User","96950 Hidden Ln","Aberdeen",21001,"MD"
290,"terrilyn.rodeigues@cox.net","Terrilyn","oddegg17",100,"User","3718 S Main St","New Orleans",70130,"LA"
291,"slacovara@gmail.com","Salome","oldsnow30",100,"User","9677 Commerce Dr","Richmond",23219,"VA"
292,"garry_keetch@hotmail.com","Garry","bigtoe39",100,"User","5 Green Pond Rd #4","Southampton",18966,"PA"
293,"mneither@yahoo.com","Matthew","purpletoe51",100,"User","636 Commerce Dr #42","Shakopee",55379,"MN"
294,"theodora.restrepo@restrepo.com","Theodora","coldbook56",100,"User","42744 Hamann Industrial Pky #82","Miami",33136,"FL"
295,"noah.kalafatis@aol.com","Noah","bravebat26",100,"User","1950 5th Ave","Milwaukee",53209,"WI"
296,"csweigard@sweigard.com","Carmen","lowegg20",100,"User","61304 N French Rd","Somerset",8873,"NJ"
297,"lavonda@cox.net","Lavonda","nicehair87",100,"User","87 Imperial Ct #79","Fargo",58102,"ND"
298,"junita@aol.com","Junita","flatbed61",100,"User","94 W Dodge Rd","Carson City",89701,"NV"
299,"herminia@nicolozakes.org","Herminia","happymouse81",100,"User","4 58th St #3519","Scottsdale",85254,"AZ"
300,"casie.good@aol.com","Casie","kindsnow97",100,"User","5221 Bear Valley Rd","Nashville",37211,"TN"
301,"reena@hotmail.com","Reena","oddplot29",100,"User","9648 S Main","Salisbury",21801,"MD"
302,"mirta_mallett@gmail.com","Mirta","bigcamp54",100,"User","7 S San Marcos Rd","New York",10004,"NY"
303,"cathrine.pontoriero@pontoriero.com","Cathrine","redjoke26",100,"User","812 S Haven St","Amarillo",79109,"TX"
304,"ftawil@hotmail.com","Filiberto","orangeowl87",100,"User","3882 W Congress St #799","Los Angeles",90016,"CA"
305,"rupthegrove@yahoo.com","Raul","sillytoe29",100,"User","4 E Colonial Dr","La Mesa",91942,"CA"
306,"sarah.candlish@gmail.com","Sarah","coolbat49",100,"User","45 2nd Ave #9759","Atlanta",30328,"GA"
307,"lucy@cox.net","Lucy","purplejoke95",100,"User","57254 Brickell Ave #372","Worcester",1602,"MA"
308,"jaquas@aquas.com","Judy","happyseed86",100,"User","8977 Connecticut Ave Nw #3","Niles",49120,"MI"
309,"yvonne.tjepkema@hotmail.com","Yvonne","prouddime79",100,"User","9 Waydell St","Fairfield",7004,"NJ"
310,"kayleigh.lace@yahoo.com","Kayleigh","shorthorse28",100,"User","43 Huey P Long Ave","Lafayette",70508,"LA"
311,"felix_hirpara@cox.net","Felix","oldhose35",100,"User","7563 Cornwall Rd #4462","Denver",17517,"PA"
312,"tresa_sweely@hotmail.com","Tresa","coolcat76",100,"User","22 Bridle Ln","Valley Park",63088,"MO"
313,"kristeen@gmail.com","Kristeen","tinysong87",100,"User","70099 E North Ave","Arlington",76013,"TX"
314,"jregusters@regusters.com","Jenelle","cleanbunny11",100,"User","3211 E Northeast Loop","Tampa",33619,"FL"
315,"renea@hotmail.com","Renea","cutebat30",100,"User","26 Montgomery St","Atlanta",30328,"GA"
316,"olive@aol.com","Olive","cuteclam61",100,"User","13252 Lighthouse Ave","Cathedral City",92234,"CA"
317,"lreiber@cox.net","Ligia","shortclam93",100,"User","206 Main St #2804","Lansing",48933,"MI"
318,"christiane.eschberger@yahoo.com","Christiane","bravelock62",100,"User","96541 W Central Blvd","Phoenix",85034,"AZ"
319,"goldie.schirpke@yahoo.com","Goldie","bigcup15",100,"User","34 Saint George Ave #2","Bangor",4401,"ME"
320,"loreta.timenez@hotmail.com","Loreta","widedesk58",100,"User","47857 Coney Island Ave","Clinton",20735,"MD"
321,"fabiola.hauenstein@hauenstein.org","Fabiola","prettycup90",100,"User","8573 Lincoln Blvd","York",17404,"PA"
322,"amie.perigo@yahoo.com","Amie","youngfog60",100,"User","596 Santa Maria Ave #7913","Mesquite",75150,"TX"
323,"raina.brachle@brachle.org","Raina","proudbat80",100,"User","3829 Ventura Blvd","Butte",59701,"MT"
324,"erinn.canlas@canlas.com","Erinn","graybird11",100,"User","13 S Hacienda Dr","Livingston",7039,"NJ"
325,"cherry@lietz.com","Cherry","youngbat35",100,"User","40 9th Ave Sw #91","Waterford",48329,"MI"
326,"kattie@vonasek.org","Kattie","bigowl94",100,"User","2845 Boulder Crescent St","Cleveland",44103,"OH"
327,"lilli@aol.com","Lilli","funnymouse31",100,"User","33 State St","Abilene",79601,"TX"
328,"whitley.tomasulo@aol.com","Whitley","greenarm14",100,"User","2 S 15th St","Fort Worth",76107,"TX"
329,"badkin@hotmail.com","Barbra","prettysnow42",100,"User","4 Kohler Memorial Dr","Brooklyn",11230,"NY"
330,"hermila_thyberg@hotmail.com","Hermila","tallseed32",100,"User","1 Rancho Del Mar Shopping C","Providence",2903,"RI"
331,"jesusita.flister@hotmail.com","Jesusita","jollyseed68",100,"User","3943 N Highland Ave","Lancaster",17601,"PA"
332,"caitlin.julia@julia.org","Caitlin","tinydoor39",100,"User","5 Williams St","Johnston",2919,"RI"
333,"roosevelt.hoffis@aol.com","Roosevelt","oddsock91",100,"User","60 Old Dover Rd","Hialeah",33014,"FL"
334,"hhalter@yahoo.com","Helaine","funnybook27",100,"User","8 Sheridan Rd","Jersey City",7304,"NJ"
335,"lorean.martabano@hotmail.com","Lorean","smallsong67",100,"User","85092 Southern Blvd","San Antonio",78204,"TX"
336,"france.buzick@yahoo.com","France","yellowdime39",100,"User","64 Newman Springs Rd E","Brooklyn",11219,"NY"
337,"jferrario@hotmail.com","Justine","nicecat23",100,"User","48 Stratford Ave","Pomona",91768,"CA"
338,"adelina_nabours@gmail.com","Adelina","quietcat74",100,"User","80 Pittsford Victor Rd #9","Cleveland",44103,"OH"
339,"ddhamer@cox.net","Derick","shortrock48",100,"User","87163 N Main Ave","New York",10013,"NY"
340,"jerry.dallen@yahoo.com","Jerry","dryhair31",100,"User","393 Lafayette Ave","Richmond",23219,"VA"
341,"leota.ragel@gmail.com","Leota","kindseed61",100,"User","99 5th Ave #33","Trion",30753,"GA"
342,"jamyot@hotmail.com","Jutta","prettybun96",100,"User","49 N Mays St","Broussard",70518,"LA"
343,"aja_gehrett@hotmail.com","Aja","richbunny66",100,"User","993 Washington Ave","Nutley",7110,"NJ"
344,"kirk.herritt@aol.com","Kirk","graykite27",100,"User","88 15th Ave Ne","Vestal",13850,"NY"
345,"leonora@yahoo.com","Leonora","smalllock14",100,"User","3381 E 40th Ave","Passaic",7055,"NJ"
346,"winfred_brucato@hotmail.com","Winfred","reddesk76",100,"User","201 Ridgewood Rd","Moscow",83843,"ID"
347,"tarra.nachor@cox.net","Tarra","flatcat48",100,"User","39 Moccasin Dr","San Francisco",94104,"CA"
348,"corinne@loder.org","Corinne","coldrock48",100,"User","4 Carroll St","North Attleboro",2760,"MA"
349,"dulce_labreche@yahoo.com","Dulce","olddoll66",100,"User","9581 E Arapahoe Rd","Rochester",48307,"MI"
350,"kate_keneipp@yahoo.com","Kate","bluebed30",100,"User","33 N Michigan Ave","Green Bay",54301,"WI"
351,"kaitlyn.ogg@gmail.com","Kaitlyn","dryhose39",100,"User","2 S Biscayne Blvd","Baltimore",21230,"MD"
352,"sherita.saras@cox.net","Sherita","richjar35",100,"User","8 Us Highway 22","Colorado Springs",80937,"CO"
353,"lstuer@cox.net","Lashawnda","pinkmall98",100,"User","7422 Martin Ave #8","Toledo",43607,"OH"
354,"ernest@cox.net","Ernest","roundjar92",100,"User","94 Chase Rd","Hyattsville",20785,"MD"
355,"nobuko.halsey@yahoo.com","Nobuko","widejar21",100,"User","8139 I Hwy 10 #92","New Bedford",2745,"MA"
356,"lavonna.wolny@hotmail.com","Lavonna","coolseed58",100,"User","5 Cabot Rd","Mc Lean",22102,"VA"
357,"llizama@cox.net","Lashaunda","tinybunny72",100,"User","3387 Ryan Dr","Hanover",21076,"MD"
358,"mariann.bilden@aol.com","Mariann","bravebun83",100,"User","3125 Packer Ave #9851","Austin",78753,"TX"
359,"helene@aol.com","Helene","sillytoe45",100,"User","347 Chestnut St","Peoria",85381,"AZ"
360,"roselle.estell@hotmail.com","Roselle","coldcow66",100,"User","8116 Mount Vernon Ave","Bucyrus",44820,"OH"
361,"sheintzman@hotmail.com","Samira","kindarm65",100,"User","8772 Old County Rd #5410","Kent",98032,"WA"
362,"margart_meisel@yahoo.com","Margart","smallmeal35",100,"User","868 State St #38","Cincinnati",45251,"OH"
363,"kristofer.bennick@yahoo.com","Kristofer","bravebook73",100,"User","772 W River Dr","Bloomington",47404,"IN"
364,"wacuff@gmail.com","Weldon","greencat94",100,"User","73 W Barstow Ave","Arlington Heights",60004,"IL"
365,"shalon@cox.net","Shalon","bigdog85",100,"User","61047 Mayfield Ave","Brooklyn",11223,"NY"
366,"denise@patak.org","Denise","roundbed27",100,"User","2139 Santa Rosa Ave","Orlando",32801,"FL"
367,"louvenia.beech@beech.com","Louvenia","yellowcamp89",100,"User","598 43rd St","Beverly Hills",90210,"CA"
368,"audry.yaw@yaw.org","Audry","oldtiger87",100,"User","70295 Pioneer Ct","Brandon",33511,"FL"
369,"kristel.ehmann@aol.com","Kristel","louddoor74",100,"User","92899 Kalakaua Ave","El Paso",79925,"TX"
370,"vzepp@gmail.com","Vincenza","cutefrog16",100,"User","395 S 6th St #2","El Cajon",92020,"CA"
371,"egwalthney@yahoo.com","Elouise","blueegg66",100,"User","9506 Edgemore Ave","Bladensburg",20710,"MD"
372,"venita_maillard@gmail.com","Venita","loudbook45",100,"User","72119 S Walker Ave #63","Anaheim",92801,"CA"
373,"kasandra_semidey@semidey.com","Kasandra","coolhorse66",100,"User","369 Latham St #500","Saint Louis",63102,"MO"
374,"xdiscipio@gmail.com","Xochitl","tallcow50",100,"User","3158 Runamuck Pl","Round Rock",78664,"TX"
375,"mlinahan@yahoo.com","Maile","prettytiger76",100,"User","9 Plainsboro Rd #598","Greensboro",27409,"NC"
376,"krauser@cox.net","Krissy","lowsnow54",100,"User","8728 S Broad St","Coram",11727,"NY"
377,"pdubaldi@hotmail.com","Pete","youngmeal33",100,"User","2215 Prosperity Dr","Lyndhurst",7071,"NJ"
378,"linn_paa@paa.com","Linn","cutekite94",100,"User","1 S Pine St","Memphis",38112,"TN"
379,"paris@hotmail.com","Paris","tinycat34",100,"User","187 Market St","Atlanta",30342,"GA"
380,"wynell_dorshorst@dorshorst.org","Wynell","cutecup88",100,"User","94290 S Buchanan St","Pacifica",94044,"CA"
381,"qbirkner@aol.com","Quentin","richkite44",100,"User","7061 N 2nd St","Burnsville",55337,"MN"
382,"regenia.kannady@cox.net","Regenia","smallbat27",100,"User","10759 Main St","Scottsdale",85260,"AZ"
383,"sheron@aol.com","Sheron","cooldoll85",100,"User","97 E 3rd St #9","Long Island City",11101,"NY"
384,"izetta.funnell@hotmail.com","Izetta","happypest43",100,"User","82 Winsor St #54","Atlanta",30340,"GA"
385,"rodolfo@hotmail.com","Rodolfo","graybunny64",100,"User","41 Steel Ct","Northfield",55057,"MN"
386,"zona@hotmail.com","Zona","jollytoe85",100,"User","49440 Dearborn St","Norwalk",6854,"CT"
387,"szagen@aol.com","Serina","bigtoy19",100,"User","7 S Beverly Dr","Fort Wayne",46802,"IN"
388,"paz_sahagun@cox.net","Paz","proudbat33",100,"User","919 Wall Blvd","Meridian",39307,"MS"
389,"markus@yahoo.com","Markus","proudpest12",100,"User","89 20th St E #779","Sterling Heights",48310,"MI"
390,"jaclyn@aol.com","Jaclyn","coldcake93",100,"User","721 Interstate 45 S","Colorado Springs",80919,"CO"
391,"cyril_daufeldt@daufeldt.com","Cyril","oddowl82",100,"User","3 Lawton St","New York",10013,"NY"
392,"gschnitzler@gmail.com","Gayla","nicehose86",100,"User","38 Pleasant Hill Rd","Hayward",94545,"CA"
393,"erick_nievas@aol.com","Erick","tinymeal32",100,"User","45 E Acacia Ct","Chicago",60624,"IL"
394,"jennie@cox.net","Jennie","dryegg17",100,"User","63728 Poway Rd #1","Scranton",18509,"PA"
395,"mscipione@scipione.com","Mitsue","quietcat14",100,"User","77 222 Dr","Oroville",95965,"CA"
396,"cventura@yahoo.com","Ciara","coldtiger95",100,"User","53 W Carey St","Port Jervis",12771,"NY"
397,"galen@yahoo.com","Galen","calmfrog42",100,"User","617 Nw 36th Ave","Brook Park",44142,"OH"
398,"tfeichtner@yahoo.com","Truman","bluedoll52",100,"User","539 Coldwater Canyon Ave","Bloomfield",7003,"NJ"
399,"gail@kitty.com","Gail","cleanbat30",100,"User","735 Crawford Dr","Anchorage",99501,"AK"
400,"dalene@schoeneck.org","Dalene","olddesk35",100,"User","910 Rahway Ave","Philadelphia",19102,"PA"
401,"gertude.witten@gmail.com","Gertude","funnyjoke86",100,"User","7 Tarrytown Rd","Cincinnati",45217,"OH"
402,"lizbeth@yahoo.com","Lizbeth","oddcake28",100,"User","35433 Blake St #588","Gardena",90248,"CA"
403,"gberray@gmail.com","Glenn","orangebat71",100,"User","29 Cherry St #7073","Des Moines",50315,"IA"
404,"lashandra@yahoo.com","Lashandra","oddrock91",100,"User","810 N La Brea Ave","King of Prussia",19406,"PA"
405,"lnewville@newville.com","Lenna","oddtoy17",100,"User","987 Main St","Raleigh",27601,"NC"
406,"laurel@yahoo.com","Laurel","cutedoor79",100,"User","36 Enterprise St Se","Richland",99352,"WA"
407,"mireya.frerking@hotmail.com","Mireya","bluejoke90",100,"User","8429 Miller Rd","Pelham",10803,"NY"
408,"annelle@yahoo.com","Annelle","greensnow71",100,"User","5 W 7th St","Parkville",21234,"MD"
409,"dean_ketelsen@gmail.com","Dean","drymap42",100,"User","2 Flynn Rd","Hicksville",11801,"NY"
410,"levi.munis@gmail.com","Levi","funnysock28",100,"User","2094 Ne 36th Ave","Worcester",1603,"MA"
411,"sylvie@aol.com","Sylvie","bigmeal75",100,"User","649 Tulane Ave","Tulsa",74105,"OK"
412,"sharee_maile@aol.com","Sharee","richpest43",100,"User","2094 Montour Blvd","Muskegon",49442,"MI"
413,"cordelia_storment@aol.com","Cordelia","quiettiger19",100,"User","393 Hammond Dr","Lafayette",70506,"LA"
414,"mollie_mcdoniel@yahoo.com","Mollie","calmhorse59",100,"User","8590 Lake Lizzie Dr","Bowling Green",43402,"OH"
415,"brett.mccullan@mccullan.com","Brett","purplesock44",100,"User","87895 Concord Rd","La Mesa",91942,"CA"
416,"teddy_pedrozo@aol.com","Teddy","jollybun44",100,"User","46314 Route 130","Bridgeport",6610,"CT"
417,"tasia_andreason@yahoo.com","Tasia","quietmall71",100,"User","4 Cowesett Ave","Kearny",7032,"NJ"
418,"hubert@walthall.org","Hubert","funnyfog27",100,"User","95 Main Ave #2","Barberton",44203,"OH"
419,"arthur.farrow@yahoo.com","Arthur","cutecamp22",100,"User","28 S 7th St #2824","Englewood",7631,"NJ"
420,"vberlanga@berlanga.com","Vilma","bravehorse31",100,"User","79 S Howell Ave","Grand Rapids",49546,"MI"
421,"billye_miro@cox.net","Billye","louddoll38",100,"User","36 Lancaster Dr Se","Pearl",39208,"MS"
422,"glenna_slayton@cox.net","Glenna","cutehat45",100,"User","2759 Livingston Ave","Memphis",38118,"TN"
423,"mitzie_hudnall@yahoo.com","Mitzie","smallbun56",100,"User","17 Jersey Ave","Englewood",80110,"CO"
424,"bernardine_rodefer@yahoo.com","Bernardine","coldtoy37",100,"User","2 W Grand Ave","Memphis",38112,"TN"
425,"staci_schmaltz@aol.com","Staci","nicesock27",100,"User","18 Coronado Ave #563","Pasadena",91106,"CA"
426,"nichelle_meteer@meteer.com","Nichelle","tallhat89",100,"User","72 Beechwood Ter","Chicago",60657,"IL"
427,"jrhoden@yahoo.com","Janine","widearm91",100,"User","92 Broadway","Astoria",11103,"NY"
428,"ettie.hoopengardner@hotmail.com","Ettie","graytoe50",100,"User","39 Franklin Ave","Richland",99352,"WA"
429,"eden_jayson@yahoo.com","Eden","lowstar77",100,"User","4 Iwaena St","Baltimore",21202,"MD"
430,"lynelle_auber@gmail.com","Lynelle","proudbed29",100,"User","32820 Corkwood Rd","Newark",7104,"NJ"
431,"merissa.tomblin@gmail.com","Merissa","proudcow96",100,"User","34 Raritan Center Pky","Bellflower",90706,"CA"
432,"golda_kaniecki@yahoo.com","Golda","tallrock50",100,"User","6201 S Nevada Ave","Toms River",8755,"NJ"
433,"catarina_gleich@hotmail.com","Catarina","jollysock23",100,"User","78 Maryland Dr #146","Denville",7834,"NJ"
434,"vkiel@hotmail.com","Virgie","tinyhorse52",100,"User","76598 Rd  I 95 #1","Denver",80216,"CO"
435,"jolene@yahoo.com","Jolene","quietwish71",100,"User","1610 14th St Nw","Newport News",23608,"VA"
436,"keneth@yahoo.com","Keneth","sillybook39",100,"User","86350 Roszel Rd","Phoenix",85012,"AZ"
437,"rikki@nayar.com","Rikki","quietmeal63",100,"User","1644 Clove Rd","Miami",33155,"FL"
438,"elke_sengbusch@yahoo.com","Elke","coolbed50",100,"User","9 W Central Ave","Phoenix",85013,"AZ"
439,"hoa@sarao.org","Hoa","coldplot20",100,"User","27846 Lafayette Ave","Oak Hill",32759,"FL"
440,"trinidad_mcrae@yahoo.com","Trinidad","flathair12",100,"User","10276 Brooks St","San Francisco",94105,"CA"
441,"mari_lueckenbach@yahoo.com","Mari","graypest73",100,"User","1 Century Park E","San Diego",92110,"CA"
442,"selma.husser@cox.net","Selma","oddtoe55",100,"User","9 State Highway 57 #22","Jersey City",7306,"NJ"
443,"aonofrio@onofrio.com","Antione","yellowrock27",100,"User","4 S Washington Ave","San Bernardino",92410,"CA"
444,"ljurney@hotmail.com","Luisa","oddcow86",100,"User","25 Se 176th Pl","Cambridge",2138,"MA"
445,"clorinda.heimann@hotmail.com","Clorinda","cleandoor71",100,"User","105 Richmond Valley Rd","Escondido",92025,"CA"
446,"dick@yahoo.com","Dick","smallbun14",100,"User","22 Spruce St #595","Gardena",90248,"CA"
447,"ahmed.angalich@angalich.com","Ahmed","quietjar39",100,"User","2 W Beverly Blvd","Harrisburg",17110,"PA"
448,"iluminada.ohms@yahoo.com","Iluminada","tallcamp72",100,"User","72 Southern Blvd","Mesa",85204,"AZ"
449,"joanna_leinenbach@hotmail.com","Joanna","dryhat39",100,"User","1 Washington St","Lake Worth",33461,"FL"
450,"caprice@aol.com","Caprice","youngbun25",100,"User","90177 N 55th Ave","Nashville",37211,"TN"
451,"stephane_myricks@cox.net","Stephane","yellowegg54",100,"User","9 Tower Ave","Burlington",41005,"KY"
452,"quentin_swayze@yahoo.com","Quentin","orangewish60",100,"User","278 Bayview Ave","Milan",48160,"MI"
453,"annmarie_castros@gmail.com","Annmarie","yellowplot57",100,"User","80312 W 32nd St","Conroe",77301,"TX"
454,"shonda_greenbush@cox.net","Shonda","coldmouse52",100,"User","82 Us Highway 46","Clifton",7011,"NJ"
455,"clapage@lapage.com","Cecil","shorttoy18",100,"User","4 Stovall St #72","Union City",7087,"NJ"
456,"jeanice.claucherty@yahoo.com","Jeanice","roundhorse55",100,"User","19 Amboy Ave","Miami",33142,"FL"
457,"josphine_villanueva@villanueva.com","Josphine","richmeal26",100,"User","63 Smith Ln #8343","Moss",38575,"TN"
458,"dperruzza@perruzza.com","Daniel","smallmap94",100,"User","11360 S Halsted St","Santa Ana",92705,"CA"
459,"cassi.wildfong@aol.com","Cassi","prouddoll68",100,"User","26849 Jefferson Hwy","Rolling Meadows",60008,"IL"
460,"britt@galam.org","Britt","shortbird32",100,"User","2500 Pringle Rd Se #508","Hatfield",19440,"PA"
461,"adell.lipkin@lipkin.com","Adell","smalldime83",100,"User","65 Mountain View Dr","Whippany",7981,"NJ"
462,"jacqueline.rowling@yahoo.com","Jacqueline","coolowl97",100,"User","1 N San Saba","Erie",16501,"PA"
463,"lonny_weglarz@gmail.com","Lonny","lowcow97",100,"User","51120 State Route 18","Salt Lake City",84115,"UT"
464,"lonna_diestel@gmail.com","Lonna","oddmeal90",100,"User","1482 College Ave","Fayetteville",28301,"NC"
465,"cristal@cox.net","Cristal","happytoy68",100,"User","4119 Metropolitan Dr","Los Angeles",90021,"CA"
466,"kenneth.grenet@grenet.org","Kenneth","calmsong52",100,"User","2167 Sierra Rd","East Lansing",48823,"MI"
467,"emclaird@mclaird.com","Elli","drystar94",100,"User","6 Sunrise Ave","Utica",13501,"NY"
468,"ajeanty@gmail.com","Alline","bluejar81",100,"User","55713 Lake City Hwy","South Bend",46601,"IN"
469,"sharika.eanes@aol.com","Sharika","funnyarm88",100,"User","75698 N Fiesta Blvd","Orlando",32806,"FL"
470,"nu@gmail.com","Nu","coolstar27",100,"User","88 Sw 28th Ter","Harrison",7029,"NJ"
471,"dcomnick@cox.net","Daniela","reddog74",100,"User","7 Flowers Rd #403","Trenton",8611,"NJ"
472,"cecilia_colaizzo@colaizzo.com","Cecilia","happytoy39",100,"User","4 Nw 12th St #3849","Madison",53717,"WI"
473,"leslie@cox.net","Leslie","talldoor64",100,"User","2 A Kelley Dr","Katonah",10536,"NY"
474,"nan@koppinger.com","Nan","prettymouse23",100,"User","88827 Frankford Ave","Greensboro",27401,"NC"
475,"idewar@dewar.com","Izetta","pinktoy12",100,"User","2 W Scyene Rd #3","Baltimore",21217,"MD"
476,"tegan.arceo@arceo.org","Tegan","jollykite94",100,"User","62260 Park Stre","Monroe Township",8831,"NJ"
477,"ruthann@hotmail.com","Ruthann","nicebunny83",100,"User","3424 29th St Se","Kerrville",78028,"TX"
478,"joni_breland@cox.net","Joni","proudcamp39",100,"User","35 E Main St #43","Elk Grove Village",60007,"IL"
479,"vrentfro@cox.net","Vi","bluemeal83",100,"User","7163 W Clark Rd","Freehold",7728,"NJ"
480,"colette.kardas@yahoo.com","Colette","prettydime27",100,"User","21575 S Apple Creek Rd","Omaha",68124,"NE"
481,"malcolm_tromblay@cox.net","Malcolm","shortfog77",100,"User","747 Leonis Blvd","Annandale",22003,"VA"
482,"ryan@cox.net","Ryan","prettyjar82",100,"User","13 Gunnison St","Plano",75075,"TX"
483,"jess.chaffins@chaffins.org","Jess","proudfog53",100,"User","18 3rd Ave","New York",10016,"NY"
484,"sbourbon@yahoo.com","Sharen","odddoor50",100,"User","62 W Austin St","Syosset",11791,"NY"
485,"nickolas_juvera@cox.net","Nickolas","redcat28",100,"User","177 S Rider Trl #52","Crystal River",34429,"FL"
486,"gary_nunlee@nunlee.org","Gary","loudhat16",100,"User","2 W Mount Royal Ave","Fortville",46040,"IN"
487,"diane@cox.net","Diane","sillyhorse44",100,"User","1953 Telegraph Rd","Saint Joseph",64504,"MO"
488,"roslyn.chavous@chavous.org","Roslyn","graymeal14",100,"User","63517 Dupont St","Jackson",39211,"MS"
489,"glory@yahoo.com","Glory","kindclam83",100,"User","5 E Truman Rd","Abilene",79602,"TX"
490,"rasheeda@aol.com","Rasheeda","nicehat63",100,"User","251 Park Ave #979","Saratoga",95070,"CA"
491,"alpha@yahoo.com","Alpha","orangelock94",100,"User","43496 Commercial Dr #29","Cherry Hill",8003,"NJ"
492,"refugia.jacobos@jacobos.com","Refugia","redbun36",100,"User","2184 Worth St","Hayward",94545,"CA"
493,"shawnda.yori@yahoo.com","Shawnda","roundjoke37",100,"User","50126 N Plankinton Ave","Longwood",32750,"FL"
494,"mdelasancha@hotmail.com","Mona","coolcamp48",100,"User","38773 Gravois Ave","Cheyenne",82001,"WY"
495,"gilma_liukko@gmail.com","Gilma","quietbat33",100,"User","16452 Greenwich St","Garden City",11530,"NY"
496,"jgabisi@hotmail.com","Janey","cutekite42",100,"User","40 Cambridge Ave","Madison",53715,"WI"
497,"lili.paskin@cox.net","Lili","yellowmouse31",100,"User","20113 4th Ave E","Kearny",7032,"NJ"
498,"loren.asar@aol.com","Loren","prettysnow66",100,"User","6 Ridgewood Center Dr","Old Forge",18518,"PA"
499,"dorothy@cox.net","Dorothy","purplecow11",100,"User","469 Outwater Ln","San Diego",92126,"CA"
500,"gail_similton@similton.com","Gail","dryplot39",100,"User","62 Monroe St","Thousand Palms",92276,"CA"
501,"catalina@hotmail.com","Catalina","oddfog33",100,"User","3338 A Lockport Pl #6","Margate City",8402,"NJ"
502,"lawrence.lorens@hotmail.com","Lawrence","proudrock79",100,"User","9 Hwy","Providence",2906,"RI"
503,"carlee.boulter@hotmail.com","Carlee","reddesk19",100,"User","8284 Hart St","Abilene",67410,"KS"
504,"tankeny@ankeny.org","Thaddeus","purplesnow36",100,"User","5 Washington St #1","Roseville",95678,"CA"
505,"joles@gmail.com","Jovita","sillywish38",100,"User","8 S Haven St","Daytona Beach",32114,"FL"
506,"alesia_hixenbaugh@hixenbaugh.org","Alesia","funnydesk12",100,"User","9 Front St","Washington",20001,"DC"
507,"lai@gmail.com","Lai","loudhorse82",100,"User","1933 Packer Ave #2","Novato",94945,"CA"
508,"bgillaspie@gillaspie.com","Brittni","coldwish48",100,"User","67 Rv Cent","Boise",83709,"ID"
509,"rkampa@kampa.org","Raylene","richtoe25",100,"User","2 Sw Nyberg Rd","Elkhart",46514,"IN"
510,"flo.bookamer@cox.net","Flo","coldbird92",100,"User","89992 E 15th St","Alliance",69301,"NE"
511,"jbiddy@yahoo.com","Jani","sillyhair34",100,"User","61556 W 20th Ave","Seattle",98104,"WA"
512,"chauncey_motley@aol.com","Chauncey","graydesk12",100,"User","63 E Aurora Dr","Orlando",32804,"FL"
