name,address,city,state,zip,email,password
James,6649 N Blue Gum St,New Orleans,LA,70116,jbutt@gmail.com,orangebunny16
Josephine,4 B Blue Ridge Blvd,Brighton,MI,48116,josephine_darakjy@darakjy.org,widecup23
Art,8 W Cerritos Ave #54,Bridgeport,NJ,8014,art@venere.org,nicearm11
Lenna,639 Main St,Anchorage,AK,99501,lpaprocki@hotmail.com,colddoor54
Donette,34 Center St,Hamilton,OH,45011,donette.foller@cox.net,funnyhair39
Simona,3 Mcauley Dr,Ashland,OH,44805,simona@morasca.com,coolwish58
Mitsue,7 Eads St,Chicago,IL,60632,mitsue_tollner@yahoo.com,graydime98
Leota,7 W Jackson Blvd,San Jose,CA,95111,leota@hotmail.com,oddrock86
Sage,5 Boston Ave #88,Sioux Falls,SD,57105,sage_wieser@cox.net,rounddime44
Kris,228 Runamuck Pl #2808,Baltimore,MD,21224,kris@gmail.com,loudkite36
Minna,2371 Jerrold Ave,Kulpsville,PA,19443,minna_amigon@yahoo.com,proudbat52
Abel,37275 St  Rt 17m M,Middle Island,NY,11953,amaclead@gmail.com,widepig98
Kiley,25 E 75th St #69,Los Angeles,CA,90034,kiley.caldarera@aol.com,bigmeal67
Graciela,98 Connecticut Ave Nw,Chagrin Falls,OH,44023,gruta@cox.net,bluemap97
Cammy,56 E Morehead St,Laredo,TX,78045,calbares@gmail.com,redcamp26
Mattie,73 State Road 434 E,Phoenix,AZ,85013,mattie@aol.com,pinkjoke83
Meaghan,69734 E Carrillo St,Mc Minnville,TN,37110,meaghan@hotmail.com,oddmap42
Gladys,322 New Horizon Blvd,Milwaukee,WI,53207,gladys.rim@rim.org,proudbun87
Yuki,1 State Route 27,Taylor,MI,48180,yuki_whobrey@aol.com,sillydoll77
Fletcher,394 Manchester Blvd,Rockford,IL,61109,fletcher.flosi@yahoo.com,kindstar14
Bette,6 S 33rd St,Aston,PA,19014,bette_nicka@cox.net,oddhat83
Veronika,6 Greenleaf Ave,San Jose,CA,95111,vinouye@aol.com,cutecake30
Willard,618 W Yakima Ave,Irving,TX,75062,willard@hotmail.com,purplepig93
Maryann,74 S Westgate St,Albany,NY,12204,mroyster@royster.com,purplestar32
Alisha,3273 State St,Middlesex,NJ,8846,alisha@slusarski.com,cutedime86
Allene,1 Central Ave,Stevens Point,WI,54481,allene_iturbide@cox.net,widearm81
Chanel,86 Nw 66th St #8673,Shawnee,KS,66218,chanel.caudy@caudy.org,flatcup83
Ezekiel,2 Cedar Ave #84,Easton,MD,21601,ezekiel@chui.com,drybun96
Willow,90991 Thorburn Ave,New York,NY,10011,wkusko@yahoo.com,drydoll90
Bernardo,386 9th Ave N,Conroe,TX,77301,bfigeroa@aol.com,pinkowl30
Ammie,74874 Atlantic Ave,Columbus,OH,43215,ammie@corrio.com,tinyrock73
Francine,366 South Dr,Las Cruces,NM,88011,francine_vocelka@vocelka.com,oldsong55
Ernie,45 E Liberty St,Ridgefield Park,NJ,7660,ernie_stenseth@aol.com,bigbook47
Albina,4 Ralph Ct,Dunellen,NJ,8812,albina@glick.com,bluestar83
Alishia,2742 Distribution Way,New York,NY,10025,asergi@gmail.com,coldmeal86
Solange,426 Wolf St,Metairie,LA,70002,solange@shinko.com,shortbird63
Jose,128 Bransten Rd,New York,NY,10011,jose@yahoo.com,purpleegg50
Rozella,17 Morena Blvd,Camarillo,CA,93012,rozella.ostrosky@ostrosky.com,loudcup65
Valentine,775 W 17th St,San Antonio,TX,78204,valentine_gillian@gmail.com,lowclam42
Kati,6980 Dorsett Rd,Abilene,KS,67410,kati.rulapaugh@hotmail.com,jollyarm52
Youlanda,2881 Lewis Rd,Prineville,OR,97754,youlanda@aol.com,youngcamp53
Dyan,7219 Woodfield Rd,Overland Park,KS,66204,doldroyd@aol.com,calmtoe14
Roxane,1048 Main St,Fairbanks,AK,99708,roxane@hotmail.com,tallwish35
Lavera,678 3rd Ave,Miami,FL,33196,lperin@perin.org,redlock23
Erick,20 S Babcock St,Fairbanks,AK,99712,erick.ferencz@aol.com,cutebun48
Fatima,2 Lighthouse Ave,Hopkins,MN,55343,fsaylors@saylors.org,roundbed17
Jina,38938 Park Blvd,Boston,MA,2128,jina_briddick@briddick.com,cutemeal86
Kanisha,5 Tomahawk Dr,Los Angeles,CA,90006,kanisha_waycott@yahoo.com,purplebat47
Emerson,762 S Main St,Madison,WI,53711,emerson.bowley@bowley.org,wideegg39
Blair,209 Decker Dr,Philadelphia,PA,19132,bmalet@yahoo.com,cutecow82
Brock,4486 W O St #1,New York,NY,10003,bbolognia@yahoo.com,youngbunny16
Lorrie,39 S 7th St,Tullahoma,TN,37388,lnestle@hotmail.com,cleanplot76
Sabra,98839 Hawthorne Blvd #6101,Columbia,SC,29201,sabra@uyetake.org,richtoe47
Marjory,71 San Mateo Ave,Wayne,PA,19087,mmastella@mastella.com,bluebed37
Karl,76 Brooks St #9,Flemington,NJ,8822,karl_klonowski@yahoo.com,proudseed23
Tonette,4545 Courthouse Rd,Westbury,NY,11590,twenner@aol.com,flatcat89
Amber,14288 Foster Ave #4121,Jenkintown,PA,19046,amber_monarrez@monarrez.org,purpledesk64
Shenika,4 Otis St,Van Nuys,CA,91405,shenika@gmail.com,graypest82
Delmy,65895 S 16th St,Providence,RI,2909,delmy.ahle@hotmail.com,nicehat24
Deeanna,14302 Pennsylvania Ave,Huntingdon Valley,PA,19006,deeanna_juhas@gmail.com,drycup40
Blondell,201 Hawk Ct,Providence,RI,2904,bpugh@aol.com,pinkkite94
Jamal,53075 Sw 152nd Ter #615,Monroe Township,NJ,8831,jamal@vanausdal.org,tinybook26
Cecily,59 N Groesbeck Hwy,Austin,TX,78731,cecily@hollack.org,yellowsock58
Carmelina,2664 Lewis Rd,Littleton,CO,80126,carmelina_lindall@lindall.com,happyhair97
Maurine,59 Shady Ln #53,Milwaukee,WI,53214,maurine_yglesias@yglesias.com,tinytoy39
Tawna,3305 Nabell Ave #679,New York,NY,10009,tawna@gmail.com,bigegg72
Penney,18 Fountain St,Anchorage,AK,99515,penney_weight@aol.com,flatcat62
Elly,7 W 32nd St,Erie,PA,16502,elly_morocco@gmail.com,funnyseed26
Ilene,2853 S Central Expy,Glen Burnie,MD,21061,ilene.eroman@hotmail.com,funnytoe37
Vallie,74 W College St,Boise,ID,83707,vmondella@mondella.com,quiettoy34
Kallie,701 S Harrison Rd,San Francisco,CA,94104,kallie.blackwood@gmail.com,jollywish28
Johnetta,1088 Pinehurst St,Chapel Hill,NC,27514,johnetta_abdallah@aol.com,odddime27
Bobbye,30 W 80th St #1995,San Carlos,CA,94070,brhym@rhym.com,proudbird55
Micaela,20932 Hedley St,Concord,CA,94520,micaela_rhymes@gmail.com,prouddoll87
Tamar,2737 Pistorio Rd #9230,London,OH,43140,tamar@hotmail.com,richbird72
Moon,74989 Brandon St,Wellsville,NY,14895,moon@yahoo.com,roundjar75
Laurel,6 Kains Ave,Baltimore,MD,21215,laurel_reitler@reitler.com,kindsnow33
Delisa,47565 W Grand Ave,Newark,NJ,7105,delisa.crupi@crupi.com,grayhose84
Viva,4284 Dorigo Ln,Chicago,IL,60647,viva.toelkes@gmail.com,prettyclam43
Elza,6794 Lake Dr E,Newark,NJ,7104,elza@yahoo.com,coldfrog49
Devorah,31 Douglas Blvd #950,Clovis,NM,88101,devorah@hotmail.com,oldhat77
Timothy,44 W 4th St,Staten Island,NY,10309,timothy_mulqueen@mulqueen.org,tallfrog71
Arlette,11279 Loytan St,Jacksonville,FL,32254,ahoneywell@honeywell.com,smallseed98
Dominque,69 Marquette Ave,Hayward,CA,94545,dominque.dickerson@dickerson.org,coldlock92
Lettie,70 W Main St,Beachwood,OH,44122,lettie_isenhower@yahoo.com,greenbat68
Myra,461 Prospect Pl #316,Euless,TX,76040,mmunns@cox.net,youngseed78
Stephaine,47154 Whipple Ave Nw,Gardena,CA,90247,stephaine@barfield.com,cleansnow58
Lai,37 Alabama Ave,Evanston,IL,60201,lai.gato@gato.org,bigbun71
Stephen,3777 E Richmond St #900,Akron,OH,44302,stephen_emigh@hotmail.com,greencow26
Tyra,3 Fort Worth Ave,Philadelphia,PA,19106,tshields@gmail.com,drypig83
Tammara,4800 Black Horse Pike,Burlingame,CA,94010,twardrip@cox.net,coldarm48
Cory,83649 W Belmont Ave,San Gabriel,CA,91776,cory.gibes@gmail.com,orangestar35
Danica,840 15th Ave,Waco,TX,76708,danica_bruschke@gmail.com,lowbunny92
Wilda,1747 Calle Amanecer #2,Anchorage,AK,99501,wilda@cox.net,widehat66
Elvera,99385 Charity St #840,San Jose,CA,95110,elvera.benimadho@cox.net,richwish90
Carma,68556 Central Hwy,San Leandro,CA,94577,carma@cox.net,flattiger49
Malinda,55 Riverside Ave,Indianapolis,IN,46202,malinda.hochard@yahoo.com,bravetoe36
Natalie,7140 University Ave,Rock Springs,WY,82901,natalie.fern@hotmail.com,jollymall12
Lisha,64 5th Ave #1153,Mc Lean,VA,22102,lisha@centini.org,smallwish16
Arlene,3 Secor Rd,New Orleans,LA,70112,arlene_klusman@gmail.com,flathorse28
Alease,4 Webbs Chapel Rd,Boulder,CO,80303,alease@buemi.com,cleansock60
Louisa,524 Louisiana Ave Nw,San Leandro,CA,94577,louisa@cronauer.com,quietpig11
Angella,185 Blackstone Bldge,Honolulu,HI,96817,angella.cetta@hotmail.com,oddcake30
Cyndy,170 Wyoming Ave,Burnsville,MN,55337,cgoldammer@cox.net,proudbird89
Rosio,4 10th St W,High Point,NC,27263,rosio.cork@gmail.com,shortjar64
Celeste,7 W Pinhook Rd,Lynbrook,NY,11563,ckorando@hotmail.com,cutewish87
Twana,1 Commerce Way,Portland,OR,97224,twana.felger@felger.org,kindclam24
Estrella,64 Lakeview Ave,Beloit,WI,53511,estrella@aol.com,proudtiger74
Donte,3 Aspen St,Worcester,MA,1602,dkines@hotmail.com,kindcow81
Tiffiny,32860 Sierra Rd,Miami,FL,33133,tiffiny_steffensmeier@cox.net,jollyowl96
Edna,555 Main St,Erie,PA,16502,emiceli@miceli.org,cleandog90
Sue,2 Se 3rd Ave,Mesquite,TX,75149,sue@aol.com,lowstar68
Jesusa,2239 Shawnee Mission Pky,Tullahoma,TN,37388,jshin@shin.com,greencow89
Rolland,2726 Charcot Ave,Paterson,NJ,7501,rolland@cox.net,richdoll56
Pamella,5161 Dorsett Rd,Homestead,FL,33030,pamella.schmierer@schmierer.org,quiettoy79
Glory,55892 Jacksonville Rd,Owings Mills,MD,21117,gkulzer@kulzer.org,oldpest22
Shawna,5 N Cleveland Massillon Rd,Thousand Oaks,CA,91362,shawna_palaspas@palaspas.org,richdoll27
Brandon,7 Benton Dr,Honolulu,HI,96819,brandon_callaro@hotmail.com,youngplot43
Scarlet,9390 S Howell Ave,Albany,GA,31701,scarlet.cartan@yahoo.com,calmseed87
Oretha,8 County Center Dr #647,Boston,MA,2210,oretha_menter@yahoo.com,orangerock93
Ty,4646 Kaahumanu St,Hackensack,NJ,7601,tsmith@aol.com,pinkplot26
Xuan,2 Monroe St,San Mateo,CA,94403,xuan@gmail.com,dryhat97
Lindsey,52777 Leaders Heights Rd,Ontario,CA,91761,lindsey.dilello@hotmail.com,bravedoor66
Devora,72868 Blackington Ave,Oakland,CA,94606,devora_perez@perez.org,quietpest31
Herman,9 Norristown Rd,Troy,NY,12180,hdemesa@cox.net,youngjoke68
Rory,83 County Road 437 #8581,Clarks Summit,PA,18411,rpapasergi@cox.net,purplecake16
Talia,1 N Harlem Ave #9,Orange,NJ,7050,talia_riopelle@aol.com,widemap63
Van,90131 J St,Pittstown,NJ,8867,van.shire@shire.com,bluebook88
Lucina,8597 W National Ave,Cocoa,FL,32922,lucina_lary@cox.net,coldbed90
Bok,6 Gilson St,Bronx,NY,10468,bok.isaacs@aol.com,roundclam49
Rolande,65 W Maple Ave,Pearl City,HI,96782,rolande.spickerman@spickerman.com,purpledog53
Howard,866 34th Ave,Denver,CO,80231,hpaulas@gmail.com,roundjoke32
Kimbery,798 Lund Farm Way,Rockaway,NJ,7866,kimbery_madarang@cox.net,proudbook30
Thurman,9387 Charcot Ave,Absecon,NJ,8201,thurman.manno@yahoo.com,lowkite37
Becky,30553 Washington Rd,Plainfield,NJ,7062,becky.mirafuentes@mirafuentes.com,tinytoy41
Beatriz,481 W Lemon St,Middleboro,MA,2346,beatriz@yahoo.com,roundrock45
Marti,4 Warehouse Point Rd #7,Chicago,IL,60638,marti.maybury@yahoo.com,cooldoor96
Nieves,4940 Pulaski Park Dr,Portland,OR,97202,nieves_gotter@gmail.com,calmsock78
Leatha,627 Walford Ave,Dallas,TX,75227,lhagele@cox.net,proudtoe55
Valentin,137 Pioneer Way,Chicago,IL,60604,vklimek@klimek.org,cleanpig70
Melissa,61 13 Stoneridge #835,Findlay,OH,45840,melissa@cox.net,sillycat56
Sheridan,2409 Alabama Rd,Riverside,CA,92501,sheridan.zane@zane.com,oldhose97
Bulah,8927 Vandever Ave,Waco,TX,76707,bulah_padilla@hotmail.com,sillytoe57
Audra,134 Lewis Rd,Nashville,TN,37211,audra@kohnert.com,prettybunny60
Daren,9 N College Ave #3,Milwaukee,WI,53216,dweirather@aol.com,orangehat50
Fernanda,60480 Old Us Highway 51,Preston,MD,21655,fjillson@aol.com,bravesock33
Gearldine,4 Bloomfield Ave,Irving,TX,75061,gearldine_gellinger@gellinger.com,bigtoy49
Chau,429 Tiger Ln,Beverly Hills,CA,90212,chau@gmail.com,drydesk50
Theola,54169 N Main St,Massapequa,NY,11758,theola_frey@frey.com,proudfog77
Cheryl,92 Main St,Atlantic City,NJ,8401,cheryl@haroldson.org,richpig43
Laticia,72 Mannix Dr,Cincinnati,OH,45203,lmerced@gmail.com,proudhair86
Carissa,12270 Caton Center Dr,Eugene,OR,97401,carissa.batman@yahoo.com,smallrock55
Lezlie,749 W 18th St #45,Smithfield,NC,27577,lezlie.craghead@craghead.org,oldegg73
Ozell,8 Industry Ln,New York,NY,10002,oshealy@hotmail.com,oldcat48
Arminda,1 Huntwood Ave,Phoenix,AZ,85017,arminda@parvis.com,smallbed32
Reita,55262 N French Rd,Indianapolis,IN,46240,reita.leto@gmail.com,yellowbun54
Yolando,422 E 21st St,Syracuse,NY,13214,yolando@cox.net,jollyplot76
Lizette,501 N 19th Ave,Cherry Hill,NJ,8002,lizette.stem@aol.com,nicejoke94
Gregoria,455 N Main Ave,Garden City,NY,11530,gpawlowicz@yahoo.com,oldhat13
Carin,1844 Southern Blvd,Little Rock,AR,72202,cdeleo@deleo.com,flatsong77
Chantell,2023 Greg St,Saint Paul,MN,55101,chantell@yahoo.com,loudfrog28
Dierdre,63381 Jenks Ave,Philadelphia,PA,19134,dyum@yahoo.com,lowegg97
Larae,6651 Municipal Rd,Houma,LA,70360,larae_gudroe@gmail.com,coldpig15
Latrice,81 Norris Ave #525,Ronkonkoma,NY,11779,latrice.tolfree@hotmail.com,jollybed76
Kerry,6916 W Main St,Sacramento,CA,95827,kerry.theodorov@gmail.com,proudlock36
Dorthy,9635 S Main St,Boise,ID,83704,dhidvegi@yahoo.com,tinywish18
Fannie,17 Us Highway 111,Round Rock,TX,78664,fannie.lungren@yahoo.com,purplehose31
Evangelina,992 Civic Center Dr,Philadelphia,PA,19123,evangelina@aol.com,bigdoll88
Novella,303 N Radcliffe St,Hilo,HI,96720,novella_degroot@degroot.org,oddbat93
Clay,73 Saint Ann St #86,Reno,NV,89502,choa@hoa.org,cutejar60
Jennifer,44 58th St,Wheeling,IL,60090,jfallick@yahoo.com,coolcake20
Irma,9745 W Main St,Randolph,NJ,7869,irma.wolfgramm@hotmail.com,flatsnow40
Eun,84 Bloomfield Ave,Spartanburg,SC,29301,eun@yahoo.com,cutecake11
Sylvia,287 Youngstown Warren Rd,Hampstead,MD,21074,sylvia_cousey@cousey.org,oddbed53
Nana,6 Van Buren St,Mount Vernon,NY,10553,nana@aol.com,calmdime72
Layla,229 N Forty Driv,New York,NY,10011,layla.springe@cox.net,reddesk79
Joesph,2887 Knowlton St #5435,Berkeley,CA,94710,joesph_degonia@degonia.org,coldmeal18
Annabelle,523 Marquette Ave,Concord,MA,1742,annabelle.boord@cox.net,oldwish34
Stephaine,3717 Hamann Industrial Pky,San Francisco,CA,94104,stephaine@cox.net,tallcamp45
Nelida,3 State Route 35 S,Paramus,NJ,7652,nelida@gmail.com,oddclam25
Marguerita,82 N Highway 67,Oakley,CA,94561,marguerita.hiatt@gmail.com,colddime91
Carmela,9 Murfreesboro Rd,Chicago,IL,60623,ccookey@cookey.org,richjar48
Junita,6 S Broadway St,Cedar Grove,NJ,7009,jbrideau@aol.com,younghose59
Claribel,6 Harry L Dr #6327,Perrysburg,OH,43551,claribel_varriano@cox.net,quietjoke91
Benton,47939 Porter Ave,Gardena,CA,90248,benton.skursky@aol.com,bigcake88
Hillary,9 Wales Rd Ne #914,Homosassa,FL,34448,hillary.skulski@aol.com,coolfrog65
Merilyn,195 13n N,Santa Clara,CA,95054,merilyn_bayless@cox.net,youngjoke54
Teri,99 Tank Farm Rd,Hazleton,PA,18201,tennaco@gmail.com,kindarm88
Merlyn,4671 Alemany Blvd,Jersey City,NJ,7304,merlyn_lawler@hotmail.com,loudsong81
Georgene,98 University Dr,San Ramon,CA,94583,gmontezuma@cox.net,calmfrog98
Jettie,50 E Wacker Dr,Bridgewater,NJ,8807,jmconnell@hotmail.com,funnystar92
Lemuel,70 Euclid Ave #722,Bohemia,NY,11716,lemuel.latzke@gmail.com,kindwish38
Melodie,326 E Main St #6496,Thousand Oaks,CA,91362,mknipp@gmail.com,lowlock82
Candida,406 Main St,Somerville,NJ,8876,candida_corbley@hotmail.com,kindsnow92
Karan,3 Elmwood Dr,Beaverton,OR,97005,karan_karpin@gmail.com,cleandesk78
Andra,9 Church St,Salem,OR,97302,andra@gmail.com,funnyhat16
Felicidad,9939 N 14th St,Riverton,NJ,8077,fpoullion@poullion.com,cleantoe22
Belen,5384 Southwyck Blvd,Douglasville,GA,30135,belen_strassner@aol.com,coldtoe64
Gracia,97 Airport Loop Dr,Jacksonville,FL,32216,gracia@melnyk.com,quietrock53
Jolanda,37855 Nolan Rd,Bangor,ME,4401,jhanafan@gmail.com,coolmouse29
Barrett,4252 N Washington Ave #9,Kennedale,TX,76060,barrett.toyama@toyama.org,odddoll28
Helga,42754 S Ash Ave,Buffalo,NY,14228,helga_fredicks@yahoo.com,yellowmall73
Ashlyn,703 Beville Rd,Opa Locka,FL,33054,apinilla@cox.net,youngseed88
Fausto,5 Harrison Rd,New York,NY,10038,fausto_agramonte@yahoo.com,drytiger48
Ronny,73 Southern Blvd,Philadelphia,PA,19103,ronny.caiafa@caiafa.org,drydoll37
Marge,189 Village Park Rd,Crestview,FL,32536,marge@gmail.com,coldsnow60
Norah,6 Middlegate Rd #106,San Francisco,CA,94107,norah.waymire@gmail.com,tinymall61
Aliza,1128 Delaware St,San Jose,CA,95132,aliza@aol.com,jollysnow78
Mozell,577 Parade St,South San Francisco,CA,94080,mpelkowski@pelkowski.org,jollyjar19
Viola,70 Mechanic St,Northridge,CA,91325,viola@gmail.com,redpest18
Franklyn,4379 Highway 116,Philadelphia,PA,19103,femard@emard.com,cutemouse28
Willodean,55 Hawthorne Blvd,Lafayette,LA,70506,willodean_konopacki@konopacki.org,cleanpig13
Beckie,7116 Western Ave,Dearborn,MI,48126,beckie.silvestrini@silvestrini.com,smallhair84
Rebecka,2026 N Plankinton Ave #3,Austin,TX,78754,rgesick@gesick.org,funnycow43
Frederica,99586 Main St,Dallas,TX,75207,frederica_blunk@gmail.com,funnycat43
Glen,8739 Hudson St,Vashon,WA,98070,glen_bartolet@hotmail.com,yellowsock45
Freeman,383 Gunderman Rd #197,Coatesville,PA,19320,freeman_gochal@aol.com,cutehorse24
Vincent,4441 Point Term Mkt,Philadelphia,PA,19143,vincent.meinerding@hotmail.com,sillypig42
Rima,2972 Lafayette Ave,Gardena,CA,90248,rima@cox.net,nicehorse59
Glendora,2140 Diamond Blvd,Rohnert Park,CA,94928,gsarbacher@gmail.com,widehair81
Avery,93 Redmond Rd #492,Orlando,FL,32803,avery@cox.net,yellowcow28
Cristy,3989 Portage Tr,Escondido,CA,92025,cristy@lother.com,jollypest14
Nicolette,1 Midway Rd,Westborough,MA,1581,nicolette_brossart@brossart.com,olddoor95
Tracey,77132 Coon Rapids Blvd Nw,Conroe,TX,77301,tracey@hotmail.com,purplesong43
Virgina,755 Harbor Way,Milwaukee,WI,53226,virgina_tegarden@tegarden.com,lowclam13
Tiera,87 Sierra Rd,El Monte,CA,91731,tfrankel@aol.com,sillyarm65
Alaine,7667 S Hulen St #42,Yonkers,NY,10701,alaine_bergesen@cox.net,lowfrog56
Earleen,75684 S Withlapopka Dr #32,Dallas,TX,75227,earleen_mai@cox.net,proudbird53
Leonida,5 Elmwood Park Blvd,Biloxi,MS,39530,leonida@gobern.org,pinkfog81
Ressie,23 Palo Alto Sq,Miami,FL,33134,ressie.auffrey@yahoo.com,cleanmap25
Justine,38062 E Main St,New York,NY,10048,jmugnolo@yahoo.com,redbunny13
Eladia,3958 S Dupont Hwy #7,Ramsey,NJ,7446,eladia@saulter.com,drydesk67
Chaya,560 Civic Center Dr,Ann Arbor,MI,48103,chaya@malvin.com,loudcake92
Gwenn,3270 Dequindre Rd,Deer Park,NY,11729,gwenn_suffield@suffield.org,yellowhorse37
Salena,1 Garfield Ave #7,Canton,OH,44707,skarpel@cox.net,cutelock32
Yoko,9122 Carpenter Ave,New Haven,CT,6511,yoko@fishburne.com,funnyarm37
Taryn,48 Lenox St,Fairfax,VA,22030,taryn.moyd@hotmail.com,purplemall24
Katina,5 Little River Tpke,Wilmington,MA,1887,katina_polidori@aol.com,happybed60
Rickie,3 N Groesbeck Hwy,Toledo,OH,43613,rickie.plumer@aol.com,orangebun17
Alex,37 N Elm St #916,Tacoma,WA,98409,alex@loader.com,redbun76
Lashon,433 Westminster Blvd #590,Roseville,CA,95661,lashon@aol.com,yellowcamp80
Lauran,66697 Park Pl #3224,Riverton,WY,82501,lburnard@burnard.com,greenclam70
Ceola,96263 Greenwood Pl,Warren,ME,4864,ceola.setter@setter.org,lowstar11
My,8 Mcarthur Ln,Richboro,PA,18954,my@hotmail.com,cleanjoke79
Lorrine,8 Fair Lawn Ave,Tampa,FL,33614,lorrine.worlds@worlds.com,sillymap62
Peggie,9 N 14th St,El Cajon,CA,92020,peggie@cox.net,smalltoy41
Marvel,9 Vanowen St,College Station,TX,77840,mraymo@yahoo.com,reddog12
Daron,18 Waterloo Geneva Rd,Highland Park,IL,60035,daron_dinos@cox.net,shortcup81
An,506 S Hacienda Dr,Atlantic City,NJ,8401,an_fritz@hotmail.com,oldplot28
Portia,3732 Sherman Ave,Bridgewater,NJ,8807,portia.stimmel@aol.com,lowhose87
Rhea,25657 Live Oak St,Brooklyn,NY,11226,rhea_aredondo@cox.net,cutelock38
Benedict,4923 Carey Ave,Saint Louis,MO,63104,bsama@cox.net,richfog68
Alyce,3196 S Rider Trl,Stockton,CA,95207,alyce@arias.org,flatowl24
Heike,3 Railway Ave #75,Little Falls,NJ,7424,heike@gmail.com,graymall44
Carey,87393 E Highland Rd,Indianapolis,IN,46220,carey_dopico@dopico.org,funnypig88
Dottie,67 E Chestnut Hill Rd,Seattle,WA,98133,dottie@hellickson.org,richcamp33
Deandrea,33 Lewis Rd #46,Burlington,NC,27215,deandrea@yahoo.com,drylock19
Kimberlie,8100 Jacksonville Rd #7,Hays,KS,67601,kimberlie_duenas@yahoo.com,shortpig27
Martina,7 W Wabansia Ave #227,Orlando,FL,32822,martina_staback@staback.com,cleandog72
Skye,25 Minters Chapel Rd #9,Minneapolis,MN,55401,skye_fillingim@yahoo.com,kindpest80
Jade,6882 Torresdale Ave,Columbia,SC,29201,jade.farrar@yahoo.com,bluebunny37
Charlene,985 E 6th Ave,Santa Rosa,CA,95407,charlene.hamilton@hotmail.com,purpleowl57
Geoffrey,7 West Ave #1,Palatine,IL,60067,geoffrey@gmail.com,flathair94
Stevie,26659 N 13th St,Costa Mesa,CA,92626,stevie.westerbeck@yahoo.com,roundtoy82
Pamella,669 Packerland Dr #1438,Denver,CO,80212,pamella@fortino.com,jollybook82
Harrison,759 Eldora St,New Haven,CT,6515,hhaufler@hotmail.com,quietcat55
Johnna,5 S Colorado Blvd #449,Bothell,WA,98021,jengelberg@engelberg.org,cutebird37
Buddy,944 Gaither Dr,Strongsville,OH,44136,buddy.cloney@yahoo.com,shorttoe42
Dalene,66552 Malone Rd,Plaistow,NH,3865,dalene.riden@aol.com,proudbird60
Jerry,77 Massillon Rd #822,Satellite Beach,FL,32937,jzurcher@zurcher.org,oldwish44
Haydee,25346 New Rd,New York,NY,10016,hdenooyer@denooyer.org,happytoy40
Joseph,60 Fillmore Ave,Huntington Beach,CA,92647,joseph_cryer@cox.net,loudcow58
Deonna,57 Haven Ave #90,Southfield,MI,48075,deonna_kippley@hotmail.com,flatsong98
Raymon,6538 E Pomona St #60,Indianapolis,IN,46222,raymon.calvaresi@gmail.com,roundowl23
Alecia,6535 Joyce St,Wichita Falls,TX,76301,alecia@aol.com,roundcat77
Ma,78112 Morris Ave,North Haven,CT,6473,mlayous@hotmail.com,yellowfog92
Detra,96950 Hidden Ln,Aberdeen,MD,21001,detra@aol.com,graydime62
Terrilyn,3718 S Main St,New Orleans,LA,70130,terrilyn.rodeigues@cox.net,oddegg17
Salome,9677 Commerce Dr,Richmond,VA,23219,slacovara@gmail.com,oldsnow30
Garry,5 Green Pond Rd #4,Southampton,PA,18966,garry_keetch@hotmail.com,bigtoe39
Matthew,636 Commerce Dr #42,Shakopee,MN,55379,mneither@yahoo.com,purpletoe51
Theodora,42744 Hamann Industrial Pky #82,Miami,FL,33136,theodora.restrepo@restrepo.com,coldbook56
Noah,1950 5th Ave,Milwaukee,WI,53209,noah.kalafatis@aol.com,bravebat26
Carmen,61304 N French Rd,Somerset,NJ,8873,csweigard@sweigard.com,lowegg20
Lavonda,87 Imperial Ct #79,Fargo,ND,58102,lavonda@cox.net,nicehair87
Junita,94 W Dodge Rd,Carson City,NV,89701,junita@aol.com,flatbed61
Herminia,4 58th St #3519,Scottsdale,AZ,85254,herminia@nicolozakes.org,happymouse81
Casie,5221 Bear Valley Rd,Nashville,TN,37211,casie.good@aol.com,kindsnow97
Reena,9648 S Main,Salisbury,MD,21801,reena@hotmail.com,oddplot29
Mirta,7 S San Marcos Rd,New York,NY,10004,mirta_mallett@gmail.com,bigcamp54
Cathrine,812 S Haven St,Amarillo,TX,79109,cathrine.pontoriero@pontoriero.com,redjoke26
Filiberto,3882 W Congress St #799,Los Angeles,CA,90016,ftawil@hotmail.com,orangeowl87
Raul,4 E Colonial Dr,La Mesa,CA,91942,rupthegrove@yahoo.com,sillytoe29
Sarah,45 2nd Ave #9759,Atlanta,GA,30328,sarah.candlish@gmail.com,coolbat49
Lucy,57254 Brickell Ave #372,Worcester,MA,1602,lucy@cox.net,purplejoke95
Judy,8977 Connecticut Ave Nw #3,Niles,MI,49120,jaquas@aquas.com,happyseed86
Yvonne,9 Waydell St,Fairfield,NJ,7004,yvonne.tjepkema@hotmail.com,prouddime79
Kayleigh,43 Huey P Long Ave,Lafayette,LA,70508,kayleigh.lace@yahoo.com,shorthorse28
Felix,7563 Cornwall Rd #4462,Denver,PA,17517,felix_hirpara@cox.net,oldhose35
Tresa,22 Bridle Ln,Valley Park,MO,63088,tresa_sweely@hotmail.com,coolcat76
Kristeen,70099 E North Ave,Arlington,TX,76013,kristeen@gmail.com,tinysong87
Jenelle,3211 E Northeast Loop,Tampa,FL,33619,jregusters@regusters.com,cleanbunny11
Renea,26 Montgomery St,Atlanta,GA,30328,renea@hotmail.com,cutebat30
Olive,13252 Lighthouse Ave,Cathedral City,CA,92234,olive@aol.com,cuteclam61
Ligia,206 Main St #2804,Lansing,MI,48933,lreiber@cox.net,shortclam93
Christiane,96541 W Central Blvd,Phoenix,AZ,85034,christiane.eschberger@yahoo.com,bravelock62
Goldie,34 Saint George Ave #2,Bangor,ME,4401,goldie.schirpke@yahoo.com,bigcup15
Loreta,47857 Coney Island Ave,Clinton,MD,20735,loreta.timenez@hotmail.com,widedesk58
Fabiola,8573 Lincoln Blvd,York,PA,17404,fabiola.hauenstein@hauenstein.org,prettycup90
Amie,596 Santa Maria Ave #7913,Mesquite,TX,75150,amie.perigo@yahoo.com,youngfog60
Raina,3829 Ventura Blvd,Butte,MT,59701,raina.brachle@brachle.org,proudbat80
Erinn,13 S Hacienda Dr,Livingston,NJ,7039,erinn.canlas@canlas.com,graybird11
Cherry,40 9th Ave Sw #91,Waterford,MI,48329,cherry@lietz.com,youngbat35
Kattie,2845 Boulder Crescent St,Cleveland,OH,44103,kattie@vonasek.org,bigowl94
Lilli,33 State St,Abilene,TX,79601,lilli@aol.com,funnymouse31
Whitley,2 S 15th St,Fort Worth,TX,76107,whitley.tomasulo@aol.com,greenarm14
Barbra,4 Kohler Memorial Dr,Brooklyn,NY,11230,badkin@hotmail.com,prettysnow42
Hermila,1 Rancho Del Mar Shopping C,Providence,RI,2903,hermila_thyberg@hotmail.com,tallseed32
Jesusita,3943 N Highland Ave,Lancaster,PA,17601,jesusita.flister@hotmail.com,jollyseed68
Caitlin,5 Williams St,Johnston,RI,2919,caitlin.julia@julia.org,tinydoor39
Roosevelt,60 Old Dover Rd,Hialeah,FL,33014,roosevelt.hoffis@aol.com,oddsock91
Helaine,8 Sheridan Rd,Jersey City,NJ,7304,hhalter@yahoo.com,funnybook27
Lorean,85092 Southern Blvd,San Antonio,TX,78204,lorean.martabano@hotmail.com,smallsong67
France,64 Newman Springs Rd E,Brooklyn,NY,11219,france.buzick@yahoo.com,yellowdime39
Justine,48 Stratford Ave,Pomona,CA,91768,jferrario@hotmail.com,nicecat23
Adelina,80 Pittsford Victor Rd #9,Cleveland,OH,44103,adelina_nabours@gmail.com,quietcat74
Derick,87163 N Main Ave,New York,NY,10013,ddhamer@cox.net,shortrock48
Jerry,393 Lafayette Ave,Richmond,VA,23219,jerry.dallen@yahoo.com,dryhair31
Leota,99 5th Ave #33,Trion,GA,30753,leota.ragel@gmail.com,kindseed61
Jutta,49 N Mays St,Broussard,LA,70518,jamyot@hotmail.com,prettybun96
Aja,993 Washington Ave,Nutley,NJ,7110,aja_gehrett@hotmail.com,richbunny66
Kirk,88 15th Ave Ne,Vestal,NY,13850,kirk.herritt@aol.com,graykite27
Leonora,3381 E 40th Ave,Passaic,NJ,7055,leonora@yahoo.com,smalllock14
Winfred,201 Ridgewood Rd,Moscow,ID,83843,winfred_brucato@hotmail.com,reddesk76
Tarra,39 Moccasin Dr,San Francisco,CA,94104,tarra.nachor@cox.net,flatcat48
Corinne,4 Carroll St,North Attleboro,MA,2760,corinne@loder.org,coldrock48
Dulce,9581 E Arapahoe Rd,Rochester,MI,48307,dulce_labreche@yahoo.com,olddoll66
Kate,33 N Michigan Ave,Green Bay,WI,54301,kate_keneipp@yahoo.com,bluebed30
Kaitlyn,2 S Biscayne Blvd,Baltimore,MD,21230,kaitlyn.ogg@gmail.com,dryhose39
Sherita,8 Us Highway 22,Colorado Springs,CO,80937,sherita.saras@cox.net,richjar35
Lashawnda,7422 Martin Ave #8,Toledo,OH,43607,lstuer@cox.net,pinkmall98
Ernest,94 Chase Rd,Hyattsville,MD,20785,ernest@cox.net,roundjar92
Nobuko,8139 I Hwy 10 #92,New Bedford,MA,2745,nobuko.halsey@yahoo.com,widejar21
Lavonna,5 Cabot Rd,Mc Lean,VA,22102,lavonna.wolny@hotmail.com,coolseed58
Lashaunda,3387 Ryan Dr,Hanover,MD,21076,llizama@cox.net,tinybunny72
Mariann,3125 Packer Ave #9851,Austin,TX,78753,mariann.bilden@aol.com,bravebun83
Helene,347 Chestnut St,Peoria,AZ,85381,helene@aol.com,sillytoe45
Roselle,8116 Mount Vernon Ave,Bucyrus,OH,44820,roselle.estell@hotmail.com,coldcow66
Samira,8772 Old County Rd #5410,Kent,WA,98032,sheintzman@hotmail.com,kindarm65
Margart,868 State St #38,Cincinnati,OH,45251,margart_meisel@yahoo.com,smallmeal35
Kristofer,772 W River Dr,Bloomington,IN,47404,kristofer.bennick@yahoo.com,bravebook73
Weldon,73 W Barstow Ave,Arlington Heights,IL,60004,wacuff@gmail.com,greencat94
Shalon,61047 Mayfield Ave,Brooklyn,NY,11223,shalon@cox.net,bigdog85
Denise,2139 Santa Rosa Ave,Orlando,FL,32801,denise@patak.org,roundbed27
Louvenia,598 43rd St,Beverly Hills,CA,90210,louvenia.beech@beech.com,yellowcamp89
Audry,70295 Pioneer Ct,Brandon,FL,33511,audry.yaw@yaw.org,oldtiger87
Kristel,92899 Kalakaua Ave,El Paso,TX,79925,kristel.ehmann@aol.com,louddoor74
Vincenza,395 S 6th St #2,El Cajon,CA,92020,vzepp@gmail.com,cutefrog16
Elouise,9506 Edgemore Ave,Bladensburg,MD,20710,egwalthney@yahoo.com,blueegg66
Venita,72119 S Walker Ave #63,Anaheim,CA,92801,venita_maillard@gmail.com,loudbook45
Kasandra,369 Latham St #500,Saint Louis,MO,63102,kasandra_semidey@semidey.com,coolhorse66
Xochitl,3158 Runamuck Pl,Round Rock,TX,78664,xdiscipio@gmail.com,tallcow50
Maile,9 Plainsboro Rd #598,Greensboro,NC,27409,mlinahan@yahoo.com,prettytiger76
Krissy,8728 S Broad St,Coram,NY,11727,krauser@cox.net,lowsnow54
Pete,2215 Prosperity Dr,Lyndhurst,NJ,7071,pdubaldi@hotmail.com,youngmeal33
Linn,1 S Pine St,Memphis,TN,38112,linn_paa@paa.com,cutekite94
Paris,187 Market St,Atlanta,GA,30342,paris@hotmail.com,tinycat34
Wynell,94290 S Buchanan St,Pacifica,CA,94044,wynell_dorshorst@dorshorst.org,cutecup88
Quentin,7061 N 2nd St,Burnsville,MN,55337,qbirkner@aol.com,richkite44
Regenia,10759 Main St,Scottsdale,AZ,85260,regenia.kannady@cox.net,smallbat27
Sheron,97 E 3rd St #9,Long Island City,NY,11101,sheron@aol.com,cooldoll85
Izetta,82 Winsor St #54,Atlanta,GA,30340,izetta.funnell@hotmail.com,happypest43
Rodolfo,41 Steel Ct,Northfield,MN,55057,rodolfo@hotmail.com,graybunny64
Zona,49440 Dearborn St,Norwalk,CT,6854,zona@hotmail.com,jollytoe85
Serina,7 S Beverly Dr,Fort Wayne,IN,46802,szagen@aol.com,bigtoy19
Paz,919 Wall Blvd,Meridian,MS,39307,paz_sahagun@cox.net,proudbat33
Markus,89 20th St E #779,Sterling Heights,MI,48310,markus@yahoo.com,proudpest12
Jaclyn,721 Interstate 45 S,Colorado Springs,CO,80919,jaclyn@aol.com,coldcake93
Cyril,3 Lawton St,New York,NY,10013,cyril_daufeldt@daufeldt.com,oddowl82
Gayla,38 Pleasant Hill Rd,Hayward,CA,94545,gschnitzler@gmail.com,nicehose86
Erick,45 E Acacia Ct,Chicago,IL,60624,erick_nievas@aol.com,tinymeal32
Jennie,63728 Poway Rd #1,Scranton,PA,18509,jennie@cox.net,dryegg17
Mitsue,77 222 Dr,Oroville,CA,95965,mscipione@scipione.com,quietcat14
Ciara,53 W Carey St,Port Jervis,NY,12771,cventura@yahoo.com,coldtiger95
Galen,617 Nw 36th Ave,Brook Park,OH,44142,galen@yahoo.com,calmfrog42
Truman,539 Coldwater Canyon Ave,Bloomfield,NJ,7003,tfeichtner@yahoo.com,bluedoll52
Gail,735 Crawford Dr,Anchorage,AK,99501,gail@kitty.com,cleanbat30
Dalene,910 Rahway Ave,Philadelphia,PA,19102,dalene@schoeneck.org,olddesk35
Gertude,7 Tarrytown Rd,Cincinnati,OH,45217,gertude.witten@gmail.com,funnyjoke86
Lizbeth,35433 Blake St #588,Gardena,CA,90248,lizbeth@yahoo.com,oddcake28
Glenn,29 Cherry St #7073,Des Moines,IA,50315,gberray@gmail.com,orangebat71
Lashandra,810 N La Brea Ave,King of Prussia,PA,19406,lashandra@yahoo.com,oddrock91
Lenna,987 Main St,Raleigh,NC,27601,lnewville@newville.com,oddtoy17
Laurel,36 Enterprise St Se,Richland,WA,99352,laurel@yahoo.com,cutedoor79
Mireya,8429 Miller Rd,Pelham,NY,10803,mireya.frerking@hotmail.com,bluejoke90
Annelle,5 W 7th St,Parkville,MD,21234,annelle@yahoo.com,greensnow71
Dean,2 Flynn Rd,Hicksville,NY,11801,dean_ketelsen@gmail.com,drymap42
Levi,2094 Ne 36th Ave,Worcester,MA,1603,levi.munis@gmail.com,funnysock28
Sylvie,649 Tulane Ave,Tulsa,OK,74105,sylvie@aol.com,bigmeal75
Sharee,2094 Montour Blvd,Muskegon,MI,49442,sharee_maile@aol.com,richpest43
Cordelia,393 Hammond Dr,Lafayette,LA,70506,cordelia_storment@aol.com,quiettiger19
Mollie,8590 Lake Lizzie Dr,Bowling Green,OH,43402,mollie_mcdoniel@yahoo.com,calmhorse59
Brett,87895 Concord Rd,La Mesa,CA,91942,brett.mccullan@mccullan.com,purplesock44
Teddy,46314 Route 130,Bridgeport,CT,6610,teddy_pedrozo@aol.com,jollybun44
Tasia,4 Cowesett Ave,Kearny,NJ,7032,tasia_andreason@yahoo.com,quietmall71
Hubert,95 Main Ave #2,Barberton,OH,44203,hubert@walthall.org,funnyfog27
Arthur,28 S 7th St #2824,Englewood,NJ,7631,arthur.farrow@yahoo.com,cutecamp22
Vilma,79 S Howell Ave,Grand Rapids,MI,49546,vberlanga@berlanga.com,bravehorse31
Billye,36 Lancaster Dr Se,Pearl,MS,39208,billye_miro@cox.net,louddoll38
Glenna,2759 Livingston Ave,Memphis,TN,38118,glenna_slayton@cox.net,cutehat45
Mitzie,17 Jersey Ave,Englewood,CO,80110,mitzie_hudnall@yahoo.com,smallbun56
Bernardine,2 W Grand Ave,Memphis,TN,38112,bernardine_rodefer@yahoo.com,coldtoy37
Staci,18 Coronado Ave #563,Pasadena,CA,91106,staci_schmaltz@aol.com,nicesock27
Nichelle,72 Beechwood Ter,Chicago,IL,60657,nichelle_meteer@meteer.com,tallhat89
Janine,92 Broadway,Astoria,NY,11103,jrhoden@yahoo.com,widearm91
Ettie,39 Franklin Ave,Richland,WA,99352,ettie.hoopengardner@hotmail.com,graytoe50
Eden,4 Iwaena St,Baltimore,MD,21202,eden_jayson@yahoo.com,lowstar77
Lynelle,32820 Corkwood Rd,Newark,NJ,7104,lynelle_auber@gmail.com,proudbed29
Merissa,34 Raritan Center Pky,Bellflower,CA,90706,merissa.tomblin@gmail.com,proudcow96
Golda,6201 S Nevada Ave,Toms River,NJ,8755,golda_kaniecki@yahoo.com,tallrock50
Catarina,78 Maryland Dr #146,Denville,NJ,7834,catarina_gleich@hotmail.com,jollysock23
Virgie,76598 Rd  I 95 #1,Denver,CO,80216,vkiel@hotmail.com,tinyhorse52
Jolene,1610 14th St Nw,Newport News,VA,23608,jolene@yahoo.com,quietwish71
Keneth,86350 Roszel Rd,Phoenix,AZ,85012,keneth@yahoo.com,sillybook39
Rikki,1644 Clove Rd,Miami,FL,33155,rikki@nayar.com,quietmeal63
Elke,9 W Central Ave,Phoenix,AZ,85013,elke_sengbusch@yahoo.com,coolbed50
Hoa,27846 Lafayette Ave,Oak Hill,FL,32759,hoa@sarao.org,coldplot20
Trinidad,10276 Brooks St,San Francisco,CA,94105,trinidad_mcrae@yahoo.com,flathair12
Mari,1 Century Park E,San Diego,CA,92110,mari_lueckenbach@yahoo.com,graypest73
Selma,9 State Highway 57 #22,Jersey City,NJ,7306,selma.husser@cox.net,oddtoe55
Antione,4 S Washington Ave,San Bernardino,CA,92410,aonofrio@onofrio.com,yellowrock27
Luisa,25 Se 176th Pl,Cambridge,MA,2138,ljurney@hotmail.com,oddcow86
Clorinda,105 Richmond Valley Rd,Escondido,CA,92025,clorinda.heimann@hotmail.com,cleandoor71
Dick,22 Spruce St #595,Gardena,CA,90248,dick@yahoo.com,smallbun14
Ahmed,2 W Beverly Blvd,Harrisburg,PA,17110,ahmed.angalich@angalich.com,quietjar39
Iluminada,72 Southern Blvd,Mesa,AZ,85204,iluminada.ohms@yahoo.com,tallcamp72
Joanna,1 Washington St,Lake Worth,FL,33461,joanna_leinenbach@hotmail.com,dryhat39
Caprice,90177 N 55th Ave,Nashville,TN,37211,caprice@aol.com,youngbun25
Stephane,9 Tower Ave,Burlington,KY,41005,stephane_myricks@cox.net,yellowegg54
Quentin,278 Bayview Ave,Milan,MI,48160,quentin_swayze@yahoo.com,orangewish60
Annmarie,80312 W 32nd St,Conroe,TX,77301,annmarie_castros@gmail.com,yellowplot57
Shonda,82 Us Highway 46,Clifton,NJ,7011,shonda_greenbush@cox.net,coldmouse52
Cecil,4 Stovall St #72,Union City,NJ,7087,clapage@lapage.com,shorttoy18
Jeanice,19 Amboy Ave,Miami,FL,33142,jeanice.claucherty@yahoo.com,roundhorse55
Josphine,63 Smith Ln #8343,Moss,TN,38575,josphine_villanueva@villanueva.com,richmeal26
Daniel,11360 S Halsted St,Santa Ana,CA,92705,dperruzza@perruzza.com,smallmap94
Cassi,26849 Jefferson Hwy,Rolling Meadows,IL,60008,cassi.wildfong@aol.com,prouddoll68
Britt,2500 Pringle Rd Se #508,Hatfield,PA,19440,britt@galam.org,shortbird32
Adell,65 Mountain View Dr,Whippany,NJ,7981,adell.lipkin@lipkin.com,smalldime83
Jacqueline,1 N San Saba,Erie,PA,16501,jacqueline.rowling@yahoo.com,coolowl97
Lonny,51120 State Route 18,Salt Lake City,UT,84115,lonny_weglarz@gmail.com,lowcow97
Lonna,1482 College Ave,Fayetteville,NC,28301,lonna_diestel@gmail.com,oddmeal90
Cristal,4119 Metropolitan Dr,Los Angeles,CA,90021,cristal@cox.net,happytoy68
Kenneth,2167 Sierra Rd,East Lansing,MI,48823,kenneth.grenet@grenet.org,calmsong52
Elli,6 Sunrise Ave,Utica,NY,13501,emclaird@mclaird.com,drystar94
Alline,55713 Lake City Hwy,South Bend,IN,46601,ajeanty@gmail.com,bluejar81
Sharika,75698 N Fiesta Blvd,Orlando,FL,32806,sharika.eanes@aol.com,funnyarm88
Nu,88 Sw 28th Ter,Harrison,NJ,7029,nu@gmail.com,coolstar27
Daniela,7 Flowers Rd #403,Trenton,NJ,8611,dcomnick@cox.net,reddog74
Cecilia,4 Nw 12th St #3849,Madison,WI,53717,cecilia_colaizzo@colaizzo.com,happytoy39
Leslie,2 A Kelley Dr,Katonah,NY,10536,leslie@cox.net,talldoor64
Nan,88827 Frankford Ave,Greensboro,NC,27401,nan@koppinger.com,prettymouse23
Izetta,2 W Scyene Rd #3,Baltimore,MD,21217,idewar@dewar.com,pinktoy12
Tegan,62260 Park Stre,Monroe Township,NJ,8831,tegan.arceo@arceo.org,jollykite94
Ruthann,3424 29th St Se,Kerrville,TX,78028,ruthann@hotmail.com,nicebunny83
Joni,35 E Main St #43,Elk Grove Village,IL,60007,joni_breland@cox.net,proudcamp39
Vi,7163 W Clark Rd,Freehold,NJ,7728,vrentfro@cox.net,bluemeal83
Colette,21575 S Apple Creek Rd,Omaha,NE,68124,colette.kardas@yahoo.com,prettydime27
Malcolm,747 Leonis Blvd,Annandale,VA,22003,malcolm_tromblay@cox.net,shortfog77
Ryan,13 Gunnison St,Plano,TX,75075,ryan@cox.net,prettyjar82
Jess,18 3rd Ave,New York,NY,10016,jess.chaffins@chaffins.org,proudfog53
Sharen,62 W Austin St,Syosset,NY,11791,sbourbon@yahoo.com,odddoor50
Nickolas,177 S Rider Trl #52,Crystal River,FL,34429,nickolas_juvera@cox.net,redcat28
Gary,2 W Mount Royal Ave,Fortville,IN,46040,gary_nunlee@nunlee.org,loudhat16
Diane,1953 Telegraph Rd,Saint Joseph,MO,64504,diane@cox.net,sillyhorse44
Roslyn,63517 Dupont St,Jackson,MS,39211,roslyn.chavous@chavous.org,graymeal14
Glory,5 E Truman Rd,Abilene,TX,79602,glory@yahoo.com,kindclam83
Rasheeda,251 Park Ave #979,Saratoga,CA,95070,rasheeda@aol.com,nicehat63
Alpha,43496 Commercial Dr #29,Cherry Hill,NJ,8003,alpha@yahoo.com,orangelock94
Refugia,2184 Worth St,Hayward,CA,94545,refugia.jacobos@jacobos.com,redbun36
Shawnda,50126 N Plankinton Ave,Longwood,FL,32750,shawnda.yori@yahoo.com,roundjoke37
Mona,38773 Gravois Ave,Cheyenne,WY,82001,mdelasancha@hotmail.com,coolcamp48
Gilma,16452 Greenwich St,Garden City,NY,11530,gilma_liukko@gmail.com,quietbat33
Janey,40 Cambridge Ave,Madison,WI,53715,jgabisi@hotmail.com,cutekite42
Lili,20113 4th Ave E,Kearny,NJ,7032,lili.paskin@cox.net,yellowmouse31
Loren,6 Ridgewood Center Dr,Old Forge,PA,18518,loren.asar@aol.com,prettysnow66
Dorothy,469 Outwater Ln,San Diego,CA,92126,dorothy@cox.net,purplecow11
Gail,62 Monroe St,Thousand Palms,CA,92276,gail_similton@similton.com,dryplot39
Catalina,3338 A Lockport Pl #6,Margate City,NJ,8402,catalina@hotmail.com,oddfog33
Lawrence,9 Hwy,Providence,RI,2906,lawrence.lorens@hotmail.com,proudrock79
Carlee,8284 Hart St,Abilene,KS,67410,carlee.boulter@hotmail.com,reddesk19
Thaddeus,5 Washington St #1,Roseville,CA,95678,tankeny@ankeny.org,purplesnow36
Jovita,8 S Haven St,Daytona Beach,FL,32114,joles@gmail.com,sillywish38
Alesia,9 Front St,Washington,DC,20001,alesia_hixenbaugh@hixenbaugh.org,funnydesk12
Lai,1933 Packer Ave #2,Novato,CA,94945,lai@gmail.com,loudhorse82
Brittni,67 Rv Cent,Boise,ID,83709,bgillaspie@gillaspie.com,coldwish48
Raylene,2 Sw Nyberg Rd,Elkhart,IN,46514,rkampa@kampa.org,richtoe25
Flo,89992 E 15th St,Alliance,NE,69301,flo.bookamer@cox.net,coldbird92
Jani,61556 W 20th Ave,Seattle,WA,98104,jbiddy@yahoo.com,sillyhair34
Chauncey,63 E Aurora Dr,Orlando,FL,32804,chauncey_motley@aol.com,graydesk12